{
  "status": "error",
  "stage": "training",
  "error": "'int' object is not subscriptable",
  "config": {
    "sample_size": 10000,
    "data_path": "data",
    "model_type": "mlp_4_layer",
    "hyperparameters": {
      "epochs": [
        30
      ],
      "batch_size": [
        64
      ],
      "learning_rate": [
        0.001
      ],
      "activation": [
        "relu"
      ],
      "lstm_units": [
        64
      ],
      "gru_units": [
        64
      ]
    }
  },
  "test_type": "single_default"
}