{
  "run_id": "mlp_4_layer_1756309096",
  "status": "success",
  "total_time": 183.60556054115295,
  "config": {
    "sample_size": 10000,
    "data_path": "data",
    "model_type": "mlp_4_layer",
    "hyperparameters": {
      "epochs": [
        30
      ],
      "batch_size": [
        64
      ],
      "learning_rate": [
        0.001
      ],
      "activation": [
        "relu"
      ],
      "lstm_units": [
        64
      ],
      "gru_units": [
        64
      ]
    }
  },
  "training_time": 178.98178052902222,
  "best_accuracy": 0.8622247457504273,
  "model_path": "models/best_model.keras",
  "training_log": [
    {
      "params": {
        "epochs": [
          30
        ],
        "batch_size": [
          64
        ],
        "learning_rate": [
          0.001
        ],
        "activation": [
          "relu"
        ],
        "lstm_units": [
          64
        ],
        "gru_units": [
          64
        ]
      },
      "accuracy": 0.8622247457504273
    }
  ],
  "evaluation": {
    "status": "success",
    "evaluation_dir": "benchmark_results/20250827_174115_MLP_4_LAYER_ep30_bs64_lr0.001_actrelu/visualizations",
    "report": {
      "basic_metrics": {
        "accuracy": 0.5132275132275133,
        "precision_per_class": [
          0.5106382978723404,
          1.0,
          0.0,
          0.0,
          0.0,
          1.0,
          0.0,
          0.0,
          0.0,
          0.0,
          0.0,
          0.0,
          0.0,
          0.0,
          0.0,
          0.0,
          0.0,
          0.0,
          0.0,
          0.0,
          0.0,
          0.0
        ],
        "recall_per_class": [
          1.0,
          0.08333333333333333,
          0.0,
          0.0,
          0.0,
          0.16666666666666666,
          0.0,
          0.0,
          0.0,
          0.0,
          0.0,
          0.0,
          0.0,
          0.0,
          0.0,
          0.0,
          0.0,
          0.0,
          0.0,
          0.0,
          0.0,
          0.0
        ],
        "f1_per_class": [
          0.676056338028169,
          0.15384615384615385,
          0.0,
          0.0,
          0.0,
          0.2857142857142857,
          0.0,
          0.0,
          0.0,
          0.0,
          0.0,
          0.0,
          0.0,
          0.0,
          0.0,
          0.0,
          0.0,
          0.0,
          0.0,
          0.0,
          0.0,
          0.0
        ],
        "support_per_class": [
          192,
          12,
          12,
          14,
          13,
          6,
          12,
          3,
          18,
          6,
          5,
          3,
          16,
          11,
          3,
          1,
          31,
          7,
          4,
          5,
          2,
          2
        ]
      },
      "cybersecurity_metrics": {
        "detection_rate": 0.010752688172043012,
        "false_alarm_rate": 0.0,
        "precision_for_attacks": 1.0,
        "binary_confusion_matrix": {
          "true_negative": 192,
          "false_positive": 0,
          "false_negative": 184,
          "true_positive": 2
        },
        "attack_types_analysis": {
          "Botnet Ares": {
            "samples": 12,
            "detected": 1,
            "detection_rate": 0.08333333333333333
          },
          "Botnet Ares - Attempted": {
            "samples": 12,
            "detected": 0,
            "detection_rate": 0.0
          },
          "DDoS-HOIC": {
            "samples": 14,
            "detected": 0,
            "detection_rate": 0.0
          },
          "DDoS-LOIC-HTTP": {
            "samples": 13,
            "detected": 0,
            "detection_rate": 0.0
          },
          "DDoS-LOIC-UDP - Attempted": {
            "samples": 6,
            "detected": 1,
            "detection_rate": 0.16666666666666666
          },
          "DoS GoldenEye": {
            "samples": 12,
            "detected": 0,
            "detection_rate": 0.0
          },
          "DoS GoldenEye - Attempted": {
            "samples": 3,
            "detected": 0,
            "detection_rate": 0.0
          },
          "DoS Hulk": {
            "samples": 18,
            "detected": 0,
            "detection_rate": 0.0
          },
          "DoS Hulk - Attempted": {
            "samples": 6,
            "detected": 0,
            "detection_rate": 0.0
          },
          "DoS Slowloris": {
            "samples": 5,
            "detected": 0,
            "detection_rate": 0.0
          },
          "DoS Slowloris - Attempted": {
            "samples": 3,
            "detected": 0,
            "detection_rate": 0.0
          },
          "FTP-BruteForce - Attempted": {
            "samples": 16,
            "detected": 0,
            "detection_rate": 0.0
          },
          "Infiltration - Communication Victim Attacker": {
            "samples": 11,
            "detected": 0,
            "detection_rate": 0.0
          },
          "Infiltration - Dropbox Download": {
            "samples": 3,
            "detected": 0,
            "detection_rate": 0.0
          },
          "Infiltration - Dropbox Download - Attempted": {
            "samples": 1,
            "detected": 0,
            "detection_rate": 0.0
          },
          "Infiltration - NMAP Portscan": {
            "samples": 31,
            "detected": 0,
            "detection_rate": 0.0
          },
          "SSH-BruteForce": {
            "samples": 7,
            "detected": 0,
            "detection_rate": 0.0
          },
          "Web Attack - Brute Force": {
            "samples": 4,
            "detected": 0,
            "detection_rate": 0.0
          },
          "Web Attack - Brute Force - Attempted": {
            "samples": 5,
            "detected": 0,
            "detection_rate": 0.0
          },
          "Web Attack - SQL": {
            "samples": 2,
            "detected": 0,
            "detection_rate": 0.0
          },
          "Web Attack - XSS": {
            "samples": 2,
            "detected": 0,
            "detection_rate": 0.0
          }
        }
      },
      "confusion_matrix": [
        [
          192,
          0,
          0,
          0,
          0,
          0,
          0,
          0,
          0,
          0,
          0,
          0,
          0,
          0,
          0,
          0,
          0,
          0,
          0,
          0,
          0,
          0
        ],
        [
          11,
          1,
          0,
          0,
          0,
          0,
          0,
          0,
          0,
          0,
          0,
          0,
          0,
          0,
          0,
          0,
          0,
          0,
          0,
          0,
          0,
          0
        ],
        [
          12,
          0,
          0,
          0,
          0,
          0,
          0,
          0,
          0,
          0,
          0,
          0,
          0,
          0,
          0,
          0,
          0,
          0,
          0,
          0,
          0,
          0
        ],
        [
          14,
          0,
          0,
          0,
          0,
          0,
          0,
          0,
          0,
          0,
          0,
          0,
          0,
          0,
          0,
          0,
          0,
          0,
          0,
          0,
          0,
          0
        ],
        [
          13,
          0,
          0,
          0,
          0,
          0,
          0,
          0,
          0,
          0,
          0,
          0,
          0,
          0,
          0,
          0,
          0,
          0,
          0,
          0,
          0,
          0
        ],
        [
          5,
          0,
          0,
          0,
          0,
          1,
          0,
          0,
          0,
          0,
          0,
          0,
          0,
          0,
          0,
          0,
          0,
          0,
          0,
          0,
          0,
          0
        ],
        [
          12,
          0,
          0,
          0,
          0,
          0,
          0,
          0,
          0,
          0,
          0,
          0,
          0,
          0,
          0,
          0,
          0,
          0,
          0,
          0,
          0,
          0
        ],
        [
          3,
          0,
          0,
          0,
          0,
          0,
          0,
          0,
          0,
          0,
          0,
          0,
          0,
          0,
          0,
          0,
          0,
          0,
          0,
          0,
          0,
          0
        ],
        [
          18,
          0,
          0,
          0,
          0,
          0,
          0,
          0,
          0,
          0,
          0,
          0,
          0,
          0,
          0,
          0,
          0,
          0,
          0,
          0,
          0,
          0
        ],
        [
          6,
          0,
          0,
          0,
          0,
          0,
          0,
          0,
          0,
          0,
          0,
          0,
          0,
          0,
          0,
          0,
          0,
          0,
          0,
          0,
          0,
          0
        ],
        [
          5,
          0,
          0,
          0,
          0,
          0,
          0,
          0,
          0,
          0,
          0,
          0,
          0,
          0,
          0,
          0,
          0,
          0,
          0,
          0,
          0,
          0
        ],
        [
          3,
          0,
          0,
          0,
          0,
          0,
          0,
          0,
          0,
          0,
          0,
          0,
          0,
          0,
          0,
          0,
          0,
          0,
          0,
          0,
          0,
          0
        ],
        [
          16,
          0,
          0,
          0,
          0,
          0,
          0,
          0,
          0,
          0,
          0,
          0,
          0,
          0,
          0,
          0,
          0,
          0,
          0,
          0,
          0,
          0
        ],
        [
          11,
          0,
          0,
          0,
          0,
          0,
          0,
          0,
          0,
          0,
          0,
          0,
          0,
          0,
          0,
          0,
          0,
          0,
          0,
          0,
          0,
          0
        ],
        [
          3,
          0,
          0,
          0,
          0,
          0,
          0,
          0,
          0,
          0,
          0,
          0,
          0,
          0,
          0,
          0,
          0,
          0,
          0,
          0,
          0,
          0
        ],
        [
          1,
          0,
          0,
          0,
          0,
          0,
          0,
          0,
          0,
          0,
          0,
          0,
          0,
          0,
          0,
          0,
          0,
          0,
          0,
          0,
          0,
          0
        ],
        [
          31,
          0,
          0,
          0,
          0,
          0,
          0,
          0,
          0,
          0,
          0,
          0,
          0,
          0,
          0,
          0,
          0,
          0,
          0,
          0,
          0,
          0
        ],
        [
          7,
          0,
          0,
          0,
          0,
          0,
          0,
          0,
          0,
          0,
          0,
          0,
          0,
          0,
          0,
          0,
          0,
          0,
          0,
          0,
          0,
          0
        ],
        [
          4,
          0,
          0,
          0,
          0,
          0,
          0,
          0,
          0,
          0,
          0,
          0,
          0,
          0,
          0,
          0,
          0,
          0,
          0,
          0,
          0,
          0
        ],
        [
          5,
          0,
          0,
          0,
          0,
          0,
          0,
          0,
          0,
          0,
          0,
          0,
          0,
          0,
          0,
          0,
          0,
          0,
          0,
          0,
          0,
          0
        ],
        [
          2,
          0,
          0,
          0,
          0,
          0,
          0,
          0,
          0,
          0,
          0,
          0,
          0,
          0,
          0,
          0,
          0,
          0,
          0,
          0,
          0,
          0
        ],
        [
          2,
          0,
          0,
          0,
          0,
          0,
          0,
          0,
          0,
          0,
          0,
          0,
          0,
          0,
          0,
          0,
          0,
          0,
          0,
          0,
          0,
          0
        ]
      ],
      "class_names": "['BENIGN' 'Botnet Ares' 'Botnet Ares - Attempted' 'DDoS-HOIC'\n 'DDoS-LOIC-HTTP' 'DDoS-LOIC-UDP' 'DDoS-LOIC-UDP - Attempted'\n 'DoS GoldenEye' 'DoS GoldenEye - Attempted' 'DoS Hulk'\n 'DoS Hulk - Attempted' 'DoS Slowloris' 'DoS Slowloris - Attempted'\n 'FTP-BruteForce - Attempted'\n 'Infiltration - Communication Victim Attacker'\n 'Infiltration - Dropbox Download'\n 'Infiltration - Dropbox Download - Attempted'\n 'Infiltration - NMAP Portscan' 'SSH-BruteForce'\n 'Web Attack - Brute Force' 'Web Attack - Brute Force - Attempted'\n 'Web Attack - SQL' 'Web Attack - SQL - Attempted' 'Web Attack - XSS'\n 'Web Attack - XSS - Attempted']",
      "visualizations": [
        "benchmark_results/20250827_174115_MLP_4_LAYER_ep30_bs64_lr0.001_actrelu/visualizations/class_loss_vs_epochs_subplots.png",
        "benchmark_results/20250827_174115_MLP_4_LAYER_ep30_bs64_lr0.001_actrelu/visualizations/confusion_matrix_detailed.png",
        "benchmark_results/20250827_174115_MLP_4_LAYER_ep30_bs64_lr0.001_actrelu/visualizations/confusion_matrix_cybersecurity.png",
        "benchmark_results/20250827_174115_MLP_4_LAYER_ep30_bs64_lr0.001_actrelu/visualizations/accuracy_per_class.png",
        "benchmark_results/20250827_174115_MLP_4_LAYER_ep30_bs64_lr0.001_actrelu/visualizations/roc_curves.png"
      ]
    }
  },
  "test_type": "single_default"
}