{
  "preprocessing": {
    "status": "success",
    "processing_time": 258.68588852882385,
    "dataset_stats": {
      "X_shape": [
        119,
        10,
        23
      ],
      "y_shape": [
        119
      ],
      "unique_classes": 13,
      "class_distribution": [
        79,
        5,
        4,
        4,
        0,
        2,
        3,
        4,
        3,
        0,
        4,
        1,
        5,
        2,
        0,
        3
      ],
      "classes": [
        "BENIGN",
        "Botnet Ares",
        "DDoS-HOIC",
        "DDoS-LOIC-HTTP",
        "DDoS-LOIC-UDP - Attempted",
        "DoS GoldenEye",
        "DoS GoldenEye - Attempted",
        "DoS Hulk",
        "DoS Slowloris",
        "FTP-BruteForce - Attempted",
        "Infiltration - NMAP Portscan",
        "Web Attack - Brute Force",
        "Web Attack - Brute Force - Attempted",
        "Web Attack - SQL",
        "Web Attack - SQL - Attempted",
        "Web Attack - XSS",
        "Web Attack - XSS - Attempted"
      ]
    }
  },
  "training": {
    "status": "success",
    "training_time": 5.218514680862427,
    "model_type": "dense",
    "best_accuracy": 0.45543478727340697,
    "model_path": "models/best_model.keras",
    "training_configurations": 1,
    "training_log": [
      {
        "params": {
          "epochs": 2,
          "batch_size": 32,
          "learning_rate": 0.001,
          "activation": "relu",
          "gru_units": 32,
          "lstm_units": 32
        },
        "accuracy": 0.45543478727340697,
        "config_id": 0
      }
    ],
    "evaluation": {
      "status": "success",
      "evaluation_dir": "benchmark_results/evaluation_dense_1755883875",
      "report": {
        "basic_metrics": {
          "accuracy": 0.7083333333333334,
          "precision_per_class": [
            0.8888888888888888,
            0.0,
            0.0,
            0.0,
            0.0,
            0.0,
            0.0,
            1.0
          ],
          "recall_per_class": [
            0.9411764705882353,
            0.0,
            0.0,
            0.0,
            0.0,
            0.0,
            0.0,
            1.0
          ],
          "f1_per_class": [
            0.9142857142857143,
            0.0,
            0.0,
            0.0,
            0.0,
            0.0,
            0.0,
            1.0
          ],
          "support_per_class": [
            17,
            1,
            1,
            1,
            2,
            1,
            0,
            1
          ]
        },
        "cybersecurity_metrics": {
          "detection_rate": 0.7142857142857143,
          "false_alarm_rate": 0.058823529411764705,
          "precision_for_attacks": 0.8333333333333334,
          "binary_confusion_matrix": {
            "true_negative": 16,
            "false_positive": 1,
            "false_negative": 2,
            "true_positive": 5
          },
          "attack_types_analysis": {
            "Botnet Ares": {
              "samples": 1,
              "detected": 0,
              "detection_rate": 0.0
            },
            "DDoS-HOIC": {
              "samples": 1,
              "detected": 0,
              "detection_rate": 0.0
            },
            "DDoS-LOIC-HTTP": {
              "samples": 1,
              "detected": 0,
              "detection_rate": 0.0
            },
            "DoS GoldenEye": {
              "samples": 2,
              "detected": 0,
              "detection_rate": 0.0
            },
            "DoS Hulk": {
              "samples": 1,
              "detected": 0,
              "detection_rate": 0.0
            },
            "Web Attack - Brute Force - Attempted": {
              "samples": 1,
              "detected": 1,
              "detection_rate": 1.0
            }
          }
        },
        "confusion_matrix": [
          [
            16,
            0,
            0,
            1,
            0,
            0,
            0,
            0
          ],
          [
            0,
            0,
            0,
            0,
            0,
            0,
            1,
            0
          ],
          [
            0,
            0,
            0,
            1,
            0,
            0,
            0,
            0
          ],
          [
            1,
            0,
            0,
            0,
            0,
            0,
            0,
            0
          ],
          [
            1,
            0,
            0,
            1,
            0,
            0,
            0,
            0
          ],
          [
            0,
            0,
            0,
            1,
            0,
            0,
            0,
            0
          ],
          [
            0,
            0,
            0,
            0,
            0,
            0,
            0,
            0
          ],
          [
            0,
            0,
            0,
            0,
            0,
            0,
            0,
            1
          ]
        ],
        "class_names": [
          "BENIGN",
          "Botnet Ares",
          "DDoS-HOIC",
          "DDoS-LOIC-HTTP",
          "DDoS-LOIC-UDP - Attempted",
          "DoS GoldenEye",
          "DoS GoldenEye - Attempted",
          "DoS Hulk",
          "DoS Slowloris",
          "FTP-BruteForce - Attempted",
          "Infiltration - NMAP Portscan",
          "Web Attack - Brute Force",
          "Web Attack - Brute Force - Attempted",
          "Web Attack - SQL",
          "Web Attack - SQL - Attempted",
          "Web Attack - XSS",
          "Web Attack - XSS - Attempted"
        ],
        "visualizations": [
          "benchmark_results/evaluation_dense_1755883875/confusion_matrix_detailed.png",
          "benchmark_results/evaluation_dense_1755883875/confusion_matrix_cybersecurity.png",
          "benchmark_results/evaluation_dense_1755883875/accuracy_per_class.png",
          "benchmark_results/evaluation_dense_1755883875/roc_curves.png"
        ]
      }
    }
  },
  "total_time": 265.1689953804016,
  "timestamp": "2025-08-22T19:26:51.326427",
  "overall_status": "success"
}