{
  "preprocessing": {
    "status": "success",
    "processing_time": 265.63702297210693,
    "dataset_stats": {
      "X_shape": [
        149,
        10,
        23
      ],
      "y_shape": [
        149
      ],
      "unique_classes": 13,
      "class_distribution": [
        98,
        6,
        6,
        5,
        0,
        4,
        2,
        5,
        3,
        0,
        6,
        7,
        0,
        1,
        1,
        5
      ],
      "classes": [
        "BENIGN",
        "Botnet Ares",
        "DDoS-HOIC",
        "DDoS-LOIC-HTTP",
        "DDoS-LOIC-UDP - Attempted",
        "DoS GoldenEye",
        "DoS GoldenEye - Attempted",
        "DoS Hulk",
        "DoS Slowloris",
        "FTP-BruteForce - Attempted",
        "Infiltration - NMAP Portscan",
        "Web Attack - Brute Force",
        "Web Attack - Brute Force - Attempted",
        "Web Attack - SQL",
        "Web Attack - SQL - Attempted",
        "Web Attack - XSS",
        "Web Attack - XSS - Attempted"
      ]
    }
  },
  "training": {
    "status": "success",
    "training_time": 3.5479896068573,
    "model_type": "dense",
    "best_accuracy": 0.537701153755188,
    "model_path": "models/best_model.keras",
    "training_configurations": 1,
    "training_log": [
      {
        "params": {
          "epochs": 2,
          "batch_size": 32,
          "learning_rate": 0.001,
          "activation": "relu",
          "gru_units": 32,
          "lstm_units": 32
        },
        "accuracy": 0.537701153755188,
        "config_id": 0
      }
    ],
    "evaluation": {
      "status": "success",
      "evaluation_dir": "benchmark_results/20250822_193956_dense_evaluation/visualizations",
      "report": {
        "basic_metrics": {
          "accuracy": 0.7666666666666667,
          "precision_per_class": [
            0.8333333333333334,
            0.25,
            0.0,
            0.0,
            0.0,
            0.0,
            0.0,
            1.0
          ],
          "recall_per_class": [
            1.0,
            1.0,
            0.0,
            0.0,
            0.0,
            0.0,
            0.0,
            1.0
          ],
          "f1_per_class": [
            0.9090909090909091,
            0.4,
            0.0,
            0.0,
            0.0,
            0.0,
            0.0,
            1.0
          ],
          "support_per_class": [
            20,
            1,
            1,
            1,
            2,
            1,
            2,
            2
          ]
        },
        "cybersecurity_metrics": {
          "detection_rate": 0.6,
          "false_alarm_rate": 0.0,
          "precision_for_attacks": 1.0,
          "binary_confusion_matrix": {
            "true_negative": 20,
            "false_positive": 0,
            "false_negative": 4,
            "true_positive": 6
          },
          "attack_types_analysis": {
            "Botnet Ares": {
              "samples": 1,
              "detected": 1,
              "detection_rate": 1.0
            },
            "DDoS-HOIC": {
              "samples": 1,
              "detected": 0,
              "detection_rate": 0.0
            },
            "DoS GoldenEye - Attempted": {
              "samples": 1,
              "detected": 0,
              "detection_rate": 0.0
            },
            "DoS Hulk": {
              "samples": 2,
              "detected": 0,
              "detection_rate": 0.0
            },
            "DoS Slowloris": {
              "samples": 1,
              "detected": 0,
              "detection_rate": 0.0
            },
            "Infiltration - NMAP Portscan": {
              "samples": 2,
              "detected": 0,
              "detection_rate": 0.0
            },
            "Web Attack - XSS": {
              "samples": 2,
              "detected": 2,
              "detection_rate": 1.0
            }
          }
        },
        "confusion_matrix": [
          [
            20,
            0,
            0,
            0,
            0,
            0,
            0,
            0
          ],
          [
            0,
            1,
            0,
            0,
            0,
            0,
            0,
            0
          ],
          [
            1,
            0,
            0,
            0,
            0,
            0,
            0,
            0
          ],
          [
            1,
            0,
            0,
            0,
            0,
            0,
            0,
            0
          ],
          [
            1,
            1,
            0,
            0,
            0,
            0,
            0,
            0
          ],
          [
            1,
            0,
            0,
            0,
            0,
            0,
            0,
            0
          ],
          [
            0,
            2,
            0,
            0,
            0,
            0,
            0,
            0
          ],
          [
            0,
            0,
            0,
            0,
            0,
            0,
            0,
            2
          ]
        ],
        "class_names": [
          "BENIGN",
          "Botnet Ares",
          "DDoS-HOIC",
          "DDoS-LOIC-HTTP",
          "DDoS-LOIC-UDP - Attempted",
          "DoS GoldenEye",
          "DoS GoldenEye - Attempted",
          "DoS Hulk",
          "DoS Slowloris",
          "FTP-BruteForce - Attempted",
          "Infiltration - NMAP Portscan",
          "Web Attack - Brute Force",
          "Web Attack - Brute Force - Attempted",
          "Web Attack - SQL",
          "Web Attack - SQL - Attempted",
          "Web Attack - XSS",
          "Web Attack - XSS - Attempted"
        ],
        "visualizations": [
          "benchmark_results/20250822_193956_dense_evaluation/visualizations/confusion_matrix_detailed.png",
          "benchmark_results/20250822_193956_dense_evaluation/visualizations/confusion_matrix_cybersecurity.png",
          "benchmark_results/20250822_193956_dense_evaluation/visualizations/accuracy_per_class.png",
          "benchmark_results/20250822_193956_dense_evaluation/visualizations/roc_curves.png"
        ]
      }
    }
  },
  "total_time": 270.8079969882965,
  "timestamp": "2025-08-22T19:35:27.530019",
  "overall_status": "success"
}