{
  "preprocessing": {
    "status": "success",
    "processing_time": 42.838557958602905,
    "dataset_stats": {
      "X_shape": [
        3750,
        1,
        115
      ],
      "y_shape": [
        3750
      ],
      "unique_classes": 2,
      "class_distribution": [
        1875,
        1875
      ],
      "classes": [
        "BENIGN",
        "MALICIOUS"
      ]
    }
  },
  "training": {
    "status": "success",
    "training_time": 7.212248802185059,
    "model_type": "gru",
    "best_accuracy": 0.9978666663169861,
    "model_path": "models/best_model.keras",
    "training_configurations": 1,
    "training_log": [
      {
        "params": {
          "epochs": 2,
          "batch_size": 32,
          "learning_rate": 0.001,
          "activation": "relu",
          "gru_units": 32,
          "lstm_units": 32
        },
        "accuracy": 0.9978666663169861,
        "config_id": 0
      }
    ],
    "evaluation": {
      "status": "success",
      "evaluation_dir": "benchmark_results/20250824_130530_gru_evaluation/visualizations",
      "report": {
        "basic_metrics": {
          "accuracy": 0.5,
          "precision_per_class": [
            0.5,
            0.0
          ],
          "recall_per_class": [
            1.0,
            0.0
          ],
          "f1_per_class": [
            0.6666666666666666,
            0.0
          ],
          "support_per_class": [
            375,
            375
          ]
        },
        "cybersecurity_metrics": {
          "detection_rate": 0.0,
          "false_alarm_rate": 0.0,
          "precision_for_attacks": 0.0,
          "binary_confusion_matrix": {
            "true_negative": 375,
            "false_positive": 0,
            "false_negative": 375,
            "true_positive": 0
          },
          "attack_types_analysis": {
            "MALICIOUS": {
              "samples": 375,
              "detected": 0,
              "detection_rate": 0.0
            }
          }
        },
        "confusion_matrix": [
          [
            375,
            0
          ],
          [
            375,
            0
          ]
        ],
        "class_names": [
          "BENIGN",
          "MALICIOUS"
        ],
        "visualizations": [
          "benchmark_results/20250824_130530_gru_evaluation/visualizations/confusion_matrix_detailed.png",
          "benchmark_results/20250824_130530_gru_evaluation/visualizations/confusion_matrix_cybersecurity.png",
          "benchmark_results/20250824_130530_gru_evaluation/visualizations/accuracy_per_class.png"
        ]
      }
    }
  },
  "total_time": 50.896177530288696,
  "timestamp": "2025-08-24T13:04:40.720143",
  "overall_status": "success"
}