{
  "timestamp": "2025-08-24T22:57:41.611508",
  "test_type": "full_benchmark",
  "configuration_tests": [
    {
      "run_id": "dense_1756069631",
      "status": "success",
      "total_time": 6.430732011795044,
      "config": {
        "sample_size": 10000,
        "data_path": "data",
        "model_type": "dense",
        "hyperparameters": {
          "epochs": 5,
          "batch_size": 64,
          "learning_rate": 0.001,
          "activation": [
            "relu"
          ],
          "lstm_units": [
            64
          ],
          "gru_units": [
            64
          ]
        }
      },
      "training_time": 4.64951229095459,
      "best_accuracy": 0.8305067896842957,
      "model_path": "models/best_model.keras",
      "training_log": [
        {
          "params": {
            "epochs": 5,
            "batch_size": 64,
            "learning_rate": 0.001,
            "activation": "relu",
            "lstm_units": 64,
            "gru_units": 64
          },
          "accuracy": 0.8305067896842957,
          "config_id": 0
        }
      ],
      "evaluation": {
        "status": "success",
        "evaluation_dir": "benchmark_results/20250824_230716_dense_evaluation/visualizations",
        "report": {
          "basic_metrics": {
            "accuracy": 0.4470899470899471,
            "precision_per_class": [
              0.7515151515151515,
              0.0,
              0.42857142857142855,
              0.3055555555555556,
              0.0,
              0.0,
              0.0,
              0.24193548387096775,
              0.0,
              0.16666666666666666,
              0.05555555555555555,
              0.0,
              0.0,
              0.56,
              0.0,
              0.0,
              0.0,
              0.0,
              0.0,
              0.0,
              0.0
            ],
            "recall_per_class": [
              0.6078431372549019,
              0.0,
              0.17647058823529413,
              0.6875,
              0.0,
              0.0,
              0.0,
              0.6521739130434783,
              0.0,
              0.3333333333333333,
              0.06666666666666667,
              0.0,
              0.0,
              0.2978723404255319,
              0.0,
              0.0,
              0.0,
              0.0,
              0.0,
              0.0,
              0.0
            ],
            "f1_per_class": [
              0.6720867208672087,
              0.0,
              0.25,
              0.4230769230769231,
              0.0,
              0.0,
              0.0,
              0.35294117647058826,
              0.0,
              0.2222222222222222,
              0.06060606060606061,
              0.0,
              0.0,
              0.3888888888888889,
              0.0,
              0.0,
              0.0,
              0.0,
              0.0,
              0.0,
              0.0
            ],
            "support_per_class": [
              204,
              12,
              17,
              16,
              0,
              12,
              3,
              23,
              5,
              3,
              15,
              1,
              0,
              47,
              7,
              4,
              5,
              2,
              0,
              2,
              0
            ]
          },
          "cybersecurity_metrics": {
            "detection_rate": 0.764367816091954,
            "false_alarm_rate": 0.39215686274509803,
            "precision_for_attacks": 0.6244131455399061,
            "binary_confusion_matrix": {
              "true_negative": 124,
              "false_positive": 80,
              "false_negative": 41,
              "true_positive": 133
            },
            "attack_types_analysis": {
              "Botnet Ares": {
                "samples": 12,
                "detected": 0,
                "detection_rate": 0.0
              },
              "DDoS-HOIC": {
                "samples": 17,
                "detected": 3,
                "detection_rate": 0.17647058823529413
              },
              "DDoS-LOIC-HTTP": {
                "samples": 16,
                "detected": 11,
                "detection_rate": 0.6875
              },
              "DoS GoldenEye": {
                "samples": 12,
                "detected": 0,
                "detection_rate": 0.0
              },
              "DoS GoldenEye - Attempted": {
                "samples": 3,
                "detected": 0,
                "detection_rate": 0.0
              },
              "DoS Hulk": {
                "samples": 23,
                "detected": 15,
                "detection_rate": 0.6521739130434783
              },
              "DoS Slowloris": {
                "samples": 5,
                "detected": 0,
                "detection_rate": 0.0
              },
              "DoS Slowloris - Attempted": {
                "samples": 3,
                "detected": 1,
                "detection_rate": 0.3333333333333333
              },
              "FTP-BruteForce - Attempted": {
                "samples": 15,
                "detected": 1,
                "detection_rate": 0.06666666666666667
              },
              "Infiltration - Communication Victim Attacker": {
                "samples": 1,
                "detected": 0,
                "detection_rate": 0.0
              },
              "Infiltration - NMAP Portscan": {
                "samples": 47,
                "detected": 14,
                "detection_rate": 0.2978723404255319
              },
              "SSH-BruteForce": {
                "samples": 7,
                "detected": 0,
                "detection_rate": 0.0
              },
              "Web Attack - Brute Force": {
                "samples": 4,
                "detected": 0,
                "detection_rate": 0.0
              },
              "Web Attack - Brute Force - Attempted": {
                "samples": 5,
                "detected": 0,
                "detection_rate": 0.0
              },
              "Web Attack - SQL": {
                "samples": 2,
                "detected": 0,
                "detection_rate": 0.0
              },
              "Web Attack - XSS": {
                "samples": 2,
                "detected": 0,
                "detection_rate": 0.0
              }
            }
          },
          "confusion_matrix": [
            [
              124,
              2,
              3,
              14,
              2,
              2,
              1,
              28,
              0,
              2,
              5,
              0,
              0,
              4,
              4,
              5,
              3,
              1,
              2,
              2,
              0
            ],
            [
              4,
              0,
              0,
              1,
              0,
              0,
              0,
              2,
              0,
              1,
              0,
              1,
              0,
              0,
              1,
              0,
              0,
              0,
              1,
              1,
              0
            ],
            [
              4,
              0,
              3,
              0,
              0,
              1,
              0,
              2,
              0,
              0,
              1,
              0,
              0,
              0,
              4,
              0,
              0,
              1,
              0,
              0,
              1
            ],
            [
              1,
              0,
              0,
              11,
              0,
              1,
              0,
              1,
              0,
              0,
              0,
              1,
              0,
              0,
              1,
              0,
              0,
              0,
              0,
              0,
              0
            ],
            [
              0,
              0,
              0,
              0,
              0,
              0,
              0,
              0,
              0,
              0,
              0,
              0,
              0,
              0,
              0,
              0,
              0,
              0,
              0,
              0,
              0
            ],
            [
              2,
              1,
              0,
              5,
              0,
              0,
              0,
              3,
              0,
              0,
              0,
              0,
              0,
              1,
              0,
              0,
              0,
              0,
              0,
              0,
              0
            ],
            [
              3,
              0,
              0,
              0,
              0,
              0,
              0,
              0,
              0,
              0,
              0,
              0,
              0,
              0,
              0,
              0,
              0,
              0,
              0,
              0,
              0
            ],
            [
              4,
              0,
              0,
              2,
              0,
              1,
              0,
              15,
              0,
              0,
              1,
              0,
              0,
              0,
              0,
              0,
              0,
              0,
              0,
              0,
              0
            ],
            [
              1,
              0,
              0,
              0,
              0,
              1,
              0,
              1,
              0,
              0,
              1,
              0,
              0,
              0,
              1,
              0,
              0,
              0,
              0,
              0,
              0
            ],
            [
              1,
              0,
              0,
              0,
              0,
              0,
              0,
              0,
              0,
              1,
              0,
              0,
              0,
              0,
              0,
              0,
              0,
              0,
              0,
              0,
              1
            ],
            [
              5,
              0,
              0,
              1,
              0,
              0,
              1,
              1,
              0,
              0,
              1,
              0,
              0,
              6,
              0,
              0,
              0,
              0,
              0,
              0,
              0
            ],
            [
              0,
              0,
              0,
              0,
              0,
              0,
              0,
              0,
              1,
              0,
              0,
              0,
              0,
              0,
              0,
              0,
              0,
              0,
              0,
              0,
              0
            ],
            [
              0,
              0,
              0,
              0,
              0,
              0,
              0,
              0,
              0,
              0,
              0,
              0,
              0,
              0,
              0,
              0,
              0,
              0,
              0,
              0,
              0
            ],
            [
              9,
              2,
              0,
              0,
              0,
              1,
              0,
              7,
              0,
              1,
              7,
              0,
              1,
              14,
              3,
              0,
              0,
              1,
              0,
              0,
              1
            ],
            [
              2,
              0,
              0,
              1,
              0,
              0,
              0,
              2,
              0,
              1,
              1,
              0,
              0,
              0,
              0,
              0,
              0,
              0,
              0,
              0,
              0
            ],
            [
              1,
              0,
              0,
              0,
              0,
              2,
              0,
              0,
              0,
              0,
              0,
              0,
              0,
              0,
              0,
              0,
              1,
              0,
              0,
              0,
              0
            ],
            [
              1,
              1,
              1,
              0,
              0,
              1,
              0,
              0,
              0,
              0,
              1,
              0,
              0,
              0,
              0,
              0,
              0,
              0,
              0,
              0,
              0
            ],
            [
              1,
              0,
              0,
              1,
              0,
              0,
              0,
              0,
              0,
              0,
              0,
              0,
              0,
              0,
              0,
              0,
              0,
              0,
              0,
              0,
              0
            ],
            [
              0,
              0,
              0,
              0,
              0,
              0,
              0,
              0,
              0,
              0,
              0,
              0,
              0,
              0,
              0,
              0,
              0,
              0,
              0,
              0,
              0
            ],
            [
              2,
              0,
              0,
              0,
              0,
              0,
              0,
              0,
              0,
              0,
              0,
              0,
              0,
              0,
              0,
              0,
              0,
              0,
              0,
              0,
              0
            ],
            [
              0,
              0,
              0,
              0,
              0,
              0,
              0,
              0,
              0,
              0,
              0,
              0,
              0,
              0,
              0,
              0,
              0,
              0,
              0,
              0,
              0
            ]
          ],
          "class_names": [
            "BENIGN",
            "Botnet Ares",
            "DDoS-HOIC",
            "DDoS-LOIC-HTTP",
            "DDoS-LOIC-UDP - Attempted",
            "DoS GoldenEye",
            "DoS GoldenEye - Attempted",
            "DoS Hulk",
            "DoS Slowloris",
            "DoS Slowloris - Attempted",
            "FTP-BruteForce - Attempted",
            "Infiltration - Communication Victim Attacker",
            "Infiltration - Dropbox Download",
            "Infiltration - NMAP Portscan",
            "SSH-BruteForce",
            "Web Attack - Brute Force",
            "Web Attack - Brute Force - Attempted",
            "Web Attack - SQL",
            "Web Attack - SQL - Attempted",
            "Web Attack - XSS",
            "Web Attack - XSS - Attempted"
          ],
          "visualizations": [
            "benchmark_results/20250824_230716_dense_evaluation/visualizations/confusion_matrix_detailed.png",
            "benchmark_results/20250824_230716_dense_evaluation/visualizations/confusion_matrix_cybersecurity.png",
            "benchmark_results/20250824_230716_dense_evaluation/visualizations/accuracy_per_class.png",
            "benchmark_results/20250824_230716_dense_evaluation/visualizations/roc_curves.png"
          ]
        }
      }
    },
    {
      "run_id": "gru_1756069638",
      "status": "success",
      "total_time": 10.521729230880737,
      "config": {
        "sample_size": 10000,
        "data_path": "data",
        "model_type": "gru",
        "hyperparameters": {
          "epochs": 5,
          "batch_size": 64,
          "learning_rate": 0.001,
          "activation": [
            "relu"
          ],
          "lstm_units": [
            64
          ],
          "gru_units": [
            64
          ]
        }
      },
      "training_time": 8.707574844360352,
      "best_accuracy": 0.784956419467926,
      "model_path": "models/best_model.keras",
      "training_log": [
        {
          "params": {
            "epochs": 5,
            "batch_size": 64,
            "learning_rate": 0.001,
            "activation": "relu",
            "lstm_units": 64,
            "gru_units": 64
          },
          "accuracy": 0.784956419467926,
          "config_id": 0
        }
      ],
      "evaluation": {
        "status": "success",
        "evaluation_dir": "benchmark_results/20250824_230726_gru_evaluation/visualizations",
        "report": {
          "basic_metrics": {
            "accuracy": 0.5608465608465608,
            "precision_per_class": [
              0.6360424028268551,
              0.14285714285714285,
              0.0,
              0.625,
              0.42857142857142855,
              0.0,
              0.0,
              0.25,
              0.0,
              0.0,
              0.0,
              0.7368421052631579,
              0.0,
              0.0,
              0.16666666666666666,
              0.0,
              0.0,
              0.0
            ],
            "recall_per_class": [
              0.8823529411764706,
              0.16666666666666666,
              0.0,
              0.625,
              0.25,
              0.0,
              0.0,
              0.4,
              0.0,
              0.0,
              0.0,
              0.2978723404255319,
              0.0,
              0.0,
              0.2,
              0.0,
              0.0,
              0.0
            ],
            "f1_per_class": [
              0.7392197125256673,
              0.15384615384615385,
              0.0,
              0.625,
              0.3157894736842105,
              0.0,
              0.0,
              0.3076923076923077,
              0.0,
              0.0,
              0.0,
              0.42424242424242425,
              0.0,
              0.0,
              0.18181818181818182,
              0.0,
              0.0,
              0.0
            ],
            "support_per_class": [
              204,
              12,
              17,
              16,
              12,
              3,
              23,
              5,
              3,
              15,
              1,
              47,
              7,
              4,
              5,
              2,
              0,
              2
            ]
          },
          "cybersecurity_metrics": {
            "detection_rate": 0.40804597701149425,
            "false_alarm_rate": 0.11764705882352941,
            "precision_for_attacks": 0.7473684210526316,
            "binary_confusion_matrix": {
              "true_negative": 180,
              "false_positive": 24,
              "false_negative": 103,
              "true_positive": 71
            },
            "attack_types_analysis": {
              "Botnet Ares": {
                "samples": 12,
                "detected": 2,
                "detection_rate": 0.16666666666666666
              },
              "DDoS-HOIC": {
                "samples": 17,
                "detected": 0,
                "detection_rate": 0.0
              },
              "DDoS-LOIC-HTTP": {
                "samples": 16,
                "detected": 10,
                "detection_rate": 0.625
              },
              "DoS GoldenEye": {
                "samples": 12,
                "detected": 3,
                "detection_rate": 0.25
              },
              "DoS GoldenEye - Attempted": {
                "samples": 3,
                "detected": 0,
                "detection_rate": 0.0
              },
              "DoS Hulk": {
                "samples": 23,
                "detected": 0,
                "detection_rate": 0.0
              },
              "DoS Slowloris": {
                "samples": 5,
                "detected": 2,
                "detection_rate": 0.4
              },
              "DoS Slowloris - Attempted": {
                "samples": 3,
                "detected": 0,
                "detection_rate": 0.0
              },
              "FTP-BruteForce - Attempted": {
                "samples": 15,
                "detected": 0,
                "detection_rate": 0.0
              },
              "Infiltration - Communication Victim Attacker": {
                "samples": 1,
                "detected": 0,
                "detection_rate": 0.0
              },
              "Infiltration - NMAP Portscan": {
                "samples": 47,
                "detected": 14,
                "detection_rate": 0.2978723404255319
              },
              "SSH-BruteForce": {
                "samples": 7,
                "detected": 0,
                "detection_rate": 0.0
              },
              "Web Attack - Brute Force": {
                "samples": 4,
                "detected": 0,
                "detection_rate": 0.0
              },
              "Web Attack - Brute Force - Attempted": {
                "samples": 5,
                "detected": 1,
                "detection_rate": 0.2
              },
              "Web Attack - SQL": {
                "samples": 2,
                "detected": 0,
                "detection_rate": 0.0
              },
              "Web Attack - XSS": {
                "samples": 2,
                "detected": 0,
                "detection_rate": 0.0
              }
            }
          },
          "confusion_matrix": [
            [
              180,
              6,
              0,
              4,
              2,
              1,
              0,
              3,
              0,
              2,
              1,
              2,
              0,
              1,
              1,
              0,
              1,
              0
            ],
            [
              9,
              2,
              0,
              0,
              0,
              0,
              0,
              1,
              0,
              0,
              0,
              0,
              0,
              0,
              0,
              0,
              0,
              0
            ],
            [
              13,
              0,
              0,
              1,
              0,
              0,
              0,
              0,
              0,
              0,
              2,
              1,
              0,
              0,
              0,
              0,
              0,
              0
            ],
            [
              5,
              0,
              0,
              10,
              0,
              0,
              0,
              0,
              0,
              0,
              0,
              0,
              0,
              1,
              0,
              0,
              0,
              0
            ],
            [
              5,
              1,
              0,
              0,
              3,
              0,
              0,
              1,
              0,
              0,
              0,
              0,
              0,
              0,
              2,
              0,
              0,
              0
            ],
            [
              3,
              0,
              0,
              0,
              0,
              0,
              0,
              0,
              0,
              0,
              0,
              0,
              0,
              0,
              0,
              0,
              0,
              0
            ],
            [
              11,
              0,
              0,
              0,
              0,
              0,
              0,
              0,
              0,
              0,
              0,
              0,
              1,
              8,
              1,
              0,
              2,
              0
            ],
            [
              3,
              0,
              0,
              0,
              0,
              0,
              0,
              2,
              0,
              0,
              0,
              0,
              0,
              0,
              0,
              0,
              0,
              0
            ],
            [
              2,
              0,
              0,
              0,
              0,
              0,
              0,
              1,
              0,
              0,
              0,
              0,
              0,
              0,
              0,
              0,
              0,
              0
            ],
            [
              8,
              3,
              0,
              0,
              0,
              0,
              0,
              0,
              1,
              0,
              0,
              2,
              0,
              0,
              1,
              0,
              0,
              0
            ],
            [
              1,
              0,
              0,
              0,
              0,
              0,
              0,
              0,
              0,
              0,
              0,
              0,
              0,
              0,
              0,
              0,
              0,
              0
            ],
            [
              29,
              1,
              0,
              1,
              0,
              0,
              0,
              0,
              0,
              2,
              0,
              14,
              0,
              0,
              0,
              0,
              0,
              0
            ],
            [
              7,
              0,
              0,
              0,
              0,
              0,
              0,
              0,
              0,
              0,
              0,
              0,
              0,
              0,
              0,
              0,
              0,
              0
            ],
            [
              4,
              0,
              0,
              0,
              0,
              0,
              0,
              0,
              0,
              0,
              0,
              0,
              0,
              0,
              0,
              0,
              0,
              0
            ],
            [
              1,
              1,
              0,
              0,
              1,
              0,
              0,
              0,
              0,
              0,
              0,
              0,
              0,
              1,
              1,
              0,
              0,
              0
            ],
            [
              1,
              0,
              0,
              0,
              1,
              0,
              0,
              0,
              0,
              0,
              0,
              0,
              0,
              0,
              0,
              0,
              0,
              0
            ],
            [
              0,
              0,
              0,
              0,
              0,
              0,
              0,
              0,
              0,
              0,
              0,
              0,
              0,
              0,
              0,
              0,
              0,
              0
            ],
            [
              1,
              0,
              0,
              0,
              0,
              0,
              0,
              0,
              0,
              0,
              0,
              0,
              0,
              1,
              0,
              0,
              0,
              0
            ]
          ],
          "class_names": [
            "BENIGN",
            "Botnet Ares",
            "DDoS-HOIC",
            "DDoS-LOIC-HTTP",
            "DDoS-LOIC-UDP - Attempted",
            "DoS GoldenEye",
            "DoS GoldenEye - Attempted",
            "DoS Hulk",
            "DoS Slowloris",
            "DoS Slowloris - Attempted",
            "FTP-BruteForce - Attempted",
            "Infiltration - Communication Victim Attacker",
            "Infiltration - Dropbox Download",
            "Infiltration - NMAP Portscan",
            "SSH-BruteForce",
            "Web Attack - Brute Force",
            "Web Attack - Brute Force - Attempted",
            "Web Attack - SQL",
            "Web Attack - SQL - Attempted",
            "Web Attack - XSS",
            "Web Attack - XSS - Attempted"
          ],
          "visualizations": [
            "benchmark_results/20250824_230726_gru_evaluation/visualizations/confusion_matrix_detailed.png",
            "benchmark_results/20250824_230726_gru_evaluation/visualizations/confusion_matrix_cybersecurity.png",
            "benchmark_results/20250824_230726_gru_evaluation/visualizations/accuracy_per_class.png",
            "benchmark_results/20250824_230726_gru_evaluation/visualizations/roc_curves.png"
          ]
        }
      }
    },
    {
      "run_id": "lstm_1756069648",
      "status": "success",
      "total_time": 9.462430238723755,
      "config": {
        "sample_size": 10000,
        "data_path": "data",
        "model_type": "lstm",
        "hyperparameters": {
          "epochs": 5,
          "batch_size": 64,
          "learning_rate": 0.001,
          "activation": [
            "relu"
          ],
          "lstm_units": [
            64
          ],
          "gru_units": [
            64
          ]
        }
      },
      "training_time": 7.585303068161011,
      "best_accuracy": 0.822564673423767,
      "model_path": "models/best_model.keras",
      "training_log": [
        {
          "params": {
            "epochs": 5,
            "batch_size": 64,
            "learning_rate": 0.001,
            "activation": "relu",
            "lstm_units": 64,
            "gru_units": 64
          },
          "accuracy": 0.822564673423767,
          "config_id": 0
        }
      ],
      "evaluation": {
        "status": "success",
        "evaluation_dir": "benchmark_results/20250824_230736_lstm_evaluation/visualizations",
        "report": {
          "basic_metrics": {
            "accuracy": 0.4947089947089947,
            "precision_per_class": [
              0.7289719626168224,
              0.0,
              0.5,
              0.2894736842105263,
              0.0,
              0.0,
              0.0,
              0.0,
              0.0,
              0.0,
              0.2962962962962963,
              0.0,
              0.0,
              0.3076923076923077,
              0.07692307692307693,
              0.2727272727272727,
              0.0,
              0.0,
              0.0,
              0.5
            ],
            "recall_per_class": [
              0.7647058823529411,
              0.0,
              0.11764705882352941,
              0.6875,
              0.0,
              0.0,
              0.0,
              0.0,
              0.0,
              0.0,
              0.5333333333333333,
              0.0,
              0.0,
              0.0851063829787234,
              0.14285714285714285,
              0.75,
              0.0,
              0.0,
              0.0,
              1.0
            ],
            "f1_per_class": [
              0.7464114832535885,
              0.0,
              0.19047619047619047,
              0.4074074074074074,
              0.0,
              0.0,
              0.0,
              0.0,
              0.0,
              0.0,
              0.38095238095238093,
              0.0,
              0.0,
              0.13333333333333333,
              0.1,
              0.4,
              0.0,
              0.0,
              0.0,
              0.6666666666666666
            ],
            "support_per_class": [
              204,
              12,
              17,
              16,
              0,
              12,
              3,
              23,
              5,
              3,
              15,
              1,
              0,
              47,
              7,
              4,
              5,
              2,
              0,
              2
            ]
          },
          "cybersecurity_metrics": {
            "detection_rate": 0.6666666666666666,
            "false_alarm_rate": 0.23529411764705882,
            "precision_for_attacks": 0.7073170731707317,
            "binary_confusion_matrix": {
              "true_negative": 156,
              "false_positive": 48,
              "false_negative": 58,
              "true_positive": 116
            },
            "attack_types_analysis": {
              "Botnet Ares": {
                "samples": 12,
                "detected": 0,
                "detection_rate": 0.0
              },
              "DDoS-HOIC": {
                "samples": 17,
                "detected": 2,
                "detection_rate": 0.11764705882352941
              },
              "DDoS-LOIC-HTTP": {
                "samples": 16,
                "detected": 11,
                "detection_rate": 0.6875
              },
              "DoS GoldenEye": {
                "samples": 12,
                "detected": 0,
                "detection_rate": 0.0
              },
              "DoS GoldenEye - Attempted": {
                "samples": 3,
                "detected": 0,
                "detection_rate": 0.0
              },
              "DoS Hulk": {
                "samples": 23,
                "detected": 0,
                "detection_rate": 0.0
              },
              "DoS Slowloris": {
                "samples": 5,
                "detected": 0,
                "detection_rate": 0.0
              },
              "DoS Slowloris - Attempted": {
                "samples": 3,
                "detected": 0,
                "detection_rate": 0.0
              },
              "FTP-BruteForce - Attempted": {
                "samples": 15,
                "detected": 8,
                "detection_rate": 0.5333333333333333
              },
              "Infiltration - Communication Victim Attacker": {
                "samples": 1,
                "detected": 0,
                "detection_rate": 0.0
              },
              "Infiltration - NMAP Portscan": {
                "samples": 47,
                "detected": 4,
                "detection_rate": 0.0851063829787234
              },
              "SSH-BruteForce": {
                "samples": 7,
                "detected": 1,
                "detection_rate": 0.14285714285714285
              },
              "Web Attack - Brute Force": {
                "samples": 4,
                "detected": 3,
                "detection_rate": 0.75
              },
              "Web Attack - Brute Force - Attempted": {
                "samples": 5,
                "detected": 0,
                "detection_rate": 0.0
              },
              "Web Attack - SQL": {
                "samples": 2,
                "detected": 0,
                "detection_rate": 0.0
              },
              "Web Attack - XSS": {
                "samples": 2,
                "detected": 2,
                "detection_rate": 1.0
              }
            }
          },
          "confusion_matrix": [
            [
              156,
              2,
              1,
              4,
              0,
              2,
              2,
              0,
              8,
              1,
              1,
              0,
              0,
              5,
              8,
              3,
              1,
              2,
              6,
              2
            ],
            [
              2,
              0,
              1,
              1,
              0,
              0,
              0,
              0,
              1,
              0,
              0,
              1,
              0,
              0,
              1,
              1,
              0,
              0,
              4,
              0
            ],
            [
              5,
              0,
              2,
              1,
              1,
              0,
              0,
              0,
              3,
              1,
              0,
              0,
              0,
              0,
              0,
              2,
              0,
              0,
              2,
              0
            ],
            [
              4,
              0,
              0,
              11,
              0,
              0,
              0,
              0,
              0,
              0,
              0,
              0,
              0,
              0,
              0,
              0,
              0,
              0,
              1,
              0
            ],
            [
              0,
              0,
              0,
              0,
              0,
              0,
              0,
              0,
              0,
              0,
              0,
              0,
              0,
              0,
              0,
              0,
              0,
              0,
              0,
              0
            ],
            [
              9,
              0,
              0,
              2,
              0,
              0,
              0,
              0,
              0,
              0,
              0,
              0,
              0,
              0,
              1,
              0,
              0,
              0,
              0,
              0
            ],
            [
              1,
              0,
              0,
              0,
              0,
              0,
              0,
              0,
              0,
              0,
              0,
              0,
              0,
              0,
              1,
              0,
              0,
              0,
              1,
              0
            ],
            [
              2,
              0,
              0,
              14,
              0,
              0,
              0,
              0,
              6,
              0,
              0,
              0,
              0,
              1,
              0,
              0,
              0,
              0,
              0,
              0
            ],
            [
              4,
              0,
              0,
              1,
              0,
              0,
              0,
              0,
              0,
              0,
              0,
              0,
              0,
              0,
              0,
              0,
              0,
              0,
              0,
              0
            ],
            [
              2,
              0,
              0,
              1,
              0,
              0,
              0,
              0,
              0,
              0,
              0,
              0,
              0,
              0,
              0,
              0,
              0,
              0,
              0,
              0
            ],
            [
              2,
              0,
              0,
              1,
              0,
              0,
              0,
              0,
              0,
              0,
              8,
              1,
              0,
              3,
              0,
              0,
              0,
              0,
              0,
              0
            ],
            [
              0,
              0,
              0,
              0,
              0,
              0,
              0,
              0,
              0,
              0,
              0,
              0,
              0,
              0,
              0,
              0,
              0,
              0,
              1,
              0
            ],
            [
              0,
              0,
              0,
              0,
              0,
              0,
              0,
              0,
              0,
              0,
              0,
              0,
              0,
              0,
              0,
              0,
              0,
              0,
              0,
              0
            ],
            [
              16,
              0,
              0,
              1,
              0,
              1,
              0,
              1,
              0,
              0,
              18,
              2,
              1,
              4,
              1,
              1,
              1,
              0,
              0,
              0
            ],
            [
              4,
              0,
              0,
              1,
              0,
              0,
              0,
              0,
              0,
              0,
              0,
              0,
              0,
              0,
              1,
              1,
              0,
              0,
              0,
              0
            ],
            [
              1,
              0,
              0,
              0,
              0,
              0,
              0,
              0,
              0,
              0,
              0,
              0,
              0,
              0,
              0,
              3,
              0,
              0,
              0,
              0
            ],
            [
              4,
              0,
              0,
              0,
              0,
              0,
              0,
              0,
              0,
              0,
              0,
              0,
              0,
              0,
              0,
              0,
              0,
              0,
              1,
              0
            ],
            [
              2,
              0,
              0,
              0,
              0,
              0,
              0,
              0,
              0,
              0,
              0,
              0,
              0,
              0,
              0,
              0,
              0,
              0,
              0,
              0
            ],
            [
              0,
              0,
              0,
              0,
              0,
              0,
              0,
              0,
              0,
              0,
              0,
              0,
              0,
              0,
              0,
              0,
              0,
              0,
              0,
              0
            ],
            [
              0,
              0,
              0,
              0,
              0,
              0,
              0,
              0,
              0,
              0,
              0,
              0,
              0,
              0,
              0,
              0,
              0,
              0,
              0,
              2
            ]
          ],
          "class_names": [
            "BENIGN",
            "Botnet Ares",
            "DDoS-HOIC",
            "DDoS-LOIC-HTTP",
            "DDoS-LOIC-UDP - Attempted",
            "DoS GoldenEye",
            "DoS GoldenEye - Attempted",
            "DoS Hulk",
            "DoS Slowloris",
            "DoS Slowloris - Attempted",
            "FTP-BruteForce - Attempted",
            "Infiltration - Communication Victim Attacker",
            "Infiltration - Dropbox Download",
            "Infiltration - NMAP Portscan",
            "SSH-BruteForce",
            "Web Attack - Brute Force",
            "Web Attack - Brute Force - Attempted",
            "Web Attack - SQL",
            "Web Attack - SQL - Attempted",
            "Web Attack - XSS",
            "Web Attack - XSS - Attempted"
          ],
          "visualizations": [
            "benchmark_results/20250824_230736_lstm_evaluation/visualizations/confusion_matrix_detailed.png",
            "benchmark_results/20250824_230736_lstm_evaluation/visualizations/confusion_matrix_cybersecurity.png",
            "benchmark_results/20250824_230736_lstm_evaluation/visualizations/accuracy_per_class.png",
            "benchmark_results/20250824_230736_lstm_evaluation/visualizations/roc_curves.png"
          ]
        }
      }
    }
  ],
  "summary": {
    "total_configs_tested": 3,
    "successful_configs": 3,
    "best_model": {
      "run_id": "dense_1756069631",
      "status": "success",
      "total_time": 6.430732011795044,
      "config": {
        "sample_size": 10000,
        "data_path": "data",
        "model_type": "dense",
        "hyperparameters": {
          "epochs": 5,
          "batch_size": 64,
          "learning_rate": 0.001,
          "activation": [
            "relu"
          ],
          "lstm_units": [
            64
          ],
          "gru_units": [
            64
          ]
        }
      },
      "training_time": 4.64951229095459,
      "best_accuracy": 0.8305067896842957,
      "model_path": "models/best_model.keras",
      "training_log": [
        {
          "params": {
            "epochs": 5,
            "batch_size": 64,
            "learning_rate": 0.001,
            "activation": "relu",
            "lstm_units": 64,
            "gru_units": 64
          },
          "accuracy": 0.8305067896842957,
          "config_id": 0
        }
      ],
      "evaluation": {
        "status": "success",
        "evaluation_dir": "benchmark_results/20250824_230716_dense_evaluation/visualizations",
        "report": {
          "basic_metrics": {
            "accuracy": 0.4470899470899471,
            "precision_per_class": [
              0.7515151515151515,
              0.0,
              0.42857142857142855,
              0.3055555555555556,
              0.0,
              0.0,
              0.0,
              0.24193548387096775,
              0.0,
              0.16666666666666666,
              0.05555555555555555,
              0.0,
              0.0,
              0.56,
              0.0,
              0.0,
              0.0,
              0.0,
              0.0,
              0.0,
              0.0
            ],
            "recall_per_class": [
              0.6078431372549019,
              0.0,
              0.17647058823529413,
              0.6875,
              0.0,
              0.0,
              0.0,
              0.6521739130434783,
              0.0,
              0.3333333333333333,
              0.06666666666666667,
              0.0,
              0.0,
              0.2978723404255319,
              0.0,
              0.0,
              0.0,
              0.0,
              0.0,
              0.0,
              0.0
            ],
            "f1_per_class": [
              0.6720867208672087,
              0.0,
              0.25,
              0.4230769230769231,
              0.0,
              0.0,
              0.0,
              0.35294117647058826,
              0.0,
              0.2222222222222222,
              0.06060606060606061,
              0.0,
              0.0,
              0.3888888888888889,
              0.0,
              0.0,
              0.0,
              0.0,
              0.0,
              0.0,
              0.0
            ],
            "support_per_class": [
              204,
              12,
              17,
              16,
              0,
              12,
              3,
              23,
              5,
              3,
              15,
              1,
              0,
              47,
              7,
              4,
              5,
              2,
              0,
              2,
              0
            ]
          },
          "cybersecurity_metrics": {
            "detection_rate": 0.764367816091954,
            "false_alarm_rate": 0.39215686274509803,
            "precision_for_attacks": 0.6244131455399061,
            "binary_confusion_matrix": {
              "true_negative": 124,
              "false_positive": 80,
              "false_negative": 41,
              "true_positive": 133
            },
            "attack_types_analysis": {
              "Botnet Ares": {
                "samples": 12,
                "detected": 0,
                "detection_rate": 0.0
              },
              "DDoS-HOIC": {
                "samples": 17,
                "detected": 3,
                "detection_rate": 0.17647058823529413
              },
              "DDoS-LOIC-HTTP": {
                "samples": 16,
                "detected": 11,
                "detection_rate": 0.6875
              },
              "DoS GoldenEye": {
                "samples": 12,
                "detected": 0,
                "detection_rate": 0.0
              },
              "DoS GoldenEye - Attempted": {
                "samples": 3,
                "detected": 0,
                "detection_rate": 0.0
              },
              "DoS Hulk": {
                "samples": 23,
                "detected": 15,
                "detection_rate": 0.6521739130434783
              },
              "DoS Slowloris": {
                "samples": 5,
                "detected": 0,
                "detection_rate": 0.0
              },
              "DoS Slowloris - Attempted": {
                "samples": 3,
                "detected": 1,
                "detection_rate": 0.3333333333333333
              },
              "FTP-BruteForce - Attempted": {
                "samples": 15,
                "detected": 1,
                "detection_rate": 0.06666666666666667
              },
              "Infiltration - Communication Victim Attacker": {
                "samples": 1,
                "detected": 0,
                "detection_rate": 0.0
              },
              "Infiltration - NMAP Portscan": {
                "samples": 47,
                "detected": 14,
                "detection_rate": 0.2978723404255319
              },
              "SSH-BruteForce": {
                "samples": 7,
                "detected": 0,
                "detection_rate": 0.0
              },
              "Web Attack - Brute Force": {
                "samples": 4,
                "detected": 0,
                "detection_rate": 0.0
              },
              "Web Attack - Brute Force - Attempted": {
                "samples": 5,
                "detected": 0,
                "detection_rate": 0.0
              },
              "Web Attack - SQL": {
                "samples": 2,
                "detected": 0,
                "detection_rate": 0.0
              },
              "Web Attack - XSS": {
                "samples": 2,
                "detected": 0,
                "detection_rate": 0.0
              }
            }
          },
          "confusion_matrix": [
            [
              124,
              2,
              3,
              14,
              2,
              2,
              1,
              28,
              0,
              2,
              5,
              0,
              0,
              4,
              4,
              5,
              3,
              1,
              2,
              2,
              0
            ],
            [
              4,
              0,
              0,
              1,
              0,
              0,
              0,
              2,
              0,
              1,
              0,
              1,
              0,
              0,
              1,
              0,
              0,
              0,
              1,
              1,
              0
            ],
            [
              4,
              0,
              3,
              0,
              0,
              1,
              0,
              2,
              0,
              0,
              1,
              0,
              0,
              0,
              4,
              0,
              0,
              1,
              0,
              0,
              1
            ],
            [
              1,
              0,
              0,
              11,
              0,
              1,
              0,
              1,
              0,
              0,
              0,
              1,
              0,
              0,
              1,
              0,
              0,
              0,
              0,
              0,
              0
            ],
            [
              0,
              0,
              0,
              0,
              0,
              0,
              0,
              0,
              0,
              0,
              0,
              0,
              0,
              0,
              0,
              0,
              0,
              0,
              0,
              0,
              0
            ],
            [
              2,
              1,
              0,
              5,
              0,
              0,
              0,
              3,
              0,
              0,
              0,
              0,
              0,
              1,
              0,
              0,
              0,
              0,
              0,
              0,
              0
            ],
            [
              3,
              0,
              0,
              0,
              0,
              0,
              0,
              0,
              0,
              0,
              0,
              0,
              0,
              0,
              0,
              0,
              0,
              0,
              0,
              0,
              0
            ],
            [
              4,
              0,
              0,
              2,
              0,
              1,
              0,
              15,
              0,
              0,
              1,
              0,
              0,
              0,
              0,
              0,
              0,
              0,
              0,
              0,
              0
            ],
            [
              1,
              0,
              0,
              0,
              0,
              1,
              0,
              1,
              0,
              0,
              1,
              0,
              0,
              0,
              1,
              0,
              0,
              0,
              0,
              0,
              0
            ],
            [
              1,
              0,
              0,
              0,
              0,
              0,
              0,
              0,
              0,
              1,
              0,
              0,
              0,
              0,
              0,
              0,
              0,
              0,
              0,
              0,
              1
            ],
            [
              5,
              0,
              0,
              1,
              0,
              0,
              1,
              1,
              0,
              0,
              1,
              0,
              0,
              6,
              0,
              0,
              0,
              0,
              0,
              0,
              0
            ],
            [
              0,
              0,
              0,
              0,
              0,
              0,
              0,
              0,
              1,
              0,
              0,
              0,
              0,
              0,
              0,
              0,
              0,
              0,
              0,
              0,
              0
            ],
            [
              0,
              0,
              0,
              0,
              0,
              0,
              0,
              0,
              0,
              0,
              0,
              0,
              0,
              0,
              0,
              0,
              0,
              0,
              0,
              0,
              0
            ],
            [
              9,
              2,
              0,
              0,
              0,
              1,
              0,
              7,
              0,
              1,
              7,
              0,
              1,
              14,
              3,
              0,
              0,
              1,
              0,
              0,
              1
            ],
            [
              2,
              0,
              0,
              1,
              0,
              0,
              0,
              2,
              0,
              1,
              1,
              0,
              0,
              0,
              0,
              0,
              0,
              0,
              0,
              0,
              0
            ],
            [
              1,
              0,
              0,
              0,
              0,
              2,
              0,
              0,
              0,
              0,
              0,
              0,
              0,
              0,
              0,
              0,
              1,
              0,
              0,
              0,
              0
            ],
            [
              1,
              1,
              1,
              0,
              0,
              1,
              0,
              0,
              0,
              0,
              1,
              0,
              0,
              0,
              0,
              0,
              0,
              0,
              0,
              0,
              0
            ],
            [
              1,
              0,
              0,
              1,
              0,
              0,
              0,
              0,
              0,
              0,
              0,
              0,
              0,
              0,
              0,
              0,
              0,
              0,
              0,
              0,
              0
            ],
            [
              0,
              0,
              0,
              0,
              0,
              0,
              0,
              0,
              0,
              0,
              0,
              0,
              0,
              0,
              0,
              0,
              0,
              0,
              0,
              0,
              0
            ],
            [
              2,
              0,
              0,
              0,
              0,
              0,
              0,
              0,
              0,
              0,
              0,
              0,
              0,
              0,
              0,
              0,
              0,
              0,
              0,
              0,
              0
            ],
            [
              0,
              0,
              0,
              0,
              0,
              0,
              0,
              0,
              0,
              0,
              0,
              0,
              0,
              0,
              0,
              0,
              0,
              0,
              0,
              0,
              0
            ]
          ],
          "class_names": [
            "BENIGN",
            "Botnet Ares",
            "DDoS-HOIC",
            "DDoS-LOIC-HTTP",
            "DDoS-LOIC-UDP - Attempted",
            "DoS GoldenEye",
            "DoS GoldenEye - Attempted",
            "DoS Hulk",
            "DoS Slowloris",
            "DoS Slowloris - Attempted",
            "FTP-BruteForce - Attempted",
            "Infiltration - Communication Victim Attacker",
            "Infiltration - Dropbox Download",
            "Infiltration - NMAP Portscan",
            "SSH-BruteForce",
            "Web Attack - Brute Force",
            "Web Attack - Brute Force - Attempted",
            "Web Attack - SQL",
            "Web Attack - SQL - Attempted",
            "Web Attack - XSS",
            "Web Attack - XSS - Attempted"
          ],
          "visualizations": [
            "benchmark_results/20250824_230716_dense_evaluation/visualizations/confusion_matrix_detailed.png",
            "benchmark_results/20250824_230716_dense_evaluation/visualizations/confusion_matrix_cybersecurity.png",
            "benchmark_results/20250824_230716_dense_evaluation/visualizations/accuracy_per_class.png",
            "benchmark_results/20250824_230716_dense_evaluation/visualizations/roc_curves.png"
          ]
        }
      }
    },
    "total_benchmark_time": 26.414891481399536
  }
}