{
  "preprocessing": {
    "status": "success",
    "processing_time": 93.86034846305847,
    "dataset_stats": {
      "X_shape": [
        308,
        10,
        23
      ],
      "y_shape": [
        308
      ],
      "unique_classes": 15,
      "class_distribution": [
        195,
        13,
        12,
        0,
        1,
        12,
        8,
        12,
        12,
        8,
        13,
        3,
        5,
        4,
        8,
        2
      ],
      "classes": [
        "BENIGN",
        "DDoS-HOIC",
        "DDoS-LOIC-HTTP",
        "DDoS-LOIC-UDP",
        "DDoS-LOIC-UDP - Attempted",
        "DoS GoldenEye",
        "DoS GoldenEye - Attempted",
        "DoS Hulk",
        "DoS Slowloris",
        "DoS Slowloris - Attempted",
        "Web Attack - Brute Force",
        "Web Attack - Brute Force - Attempted",
        "Web Attack - SQL",
        "Web Attack - SQL - Attempted",
        "Web Attack - XSS",
        "Web Attack - XSS - Attempted"
      ]
    }
  },
  "training": {
    "status": "success",
    "training_time": 6.973778009414673,
    "model_type": "gru",
    "best_accuracy": 0.6492332100868226,
    "model_path": "models/best_model.keras",
    "training_configurations": 1,
    "training_log": [
      {
        "params": {
          "epochs": 5,
          "batch_size": 64,
          "learning_rate": 0.001,
          "activation": "relu",
          "lstm_units": 64,
          "gru_units": 64
        },
        "accuracy": 0.6492332100868226,
        "config_id": 0
      }
    ],
    "evaluation": {
      "status": "error",
      "error": "The least populated class in y has only 1 member, which is too few. The minimum number of groups for any class cannot be less than 2."
    }
  },
  "timestamp": "2025-08-22T18:54:34.482195"
}