{
  "preprocessing": {
    "status": "success",
    "processing_time": 260.3588728904724,
    "dataset_stats": {
      "X_shape": [
        292,
        10,
        23
      ],
      "y_shape": [
        292
      ],
      "unique_classes": 17,
      "class_distribution": [
        198,
        9,
        10,
        8,
        1,
        8,
        3,
        8,
        6,
        0,
        1,
        1,
        0,
        11,
        8,
        7,
        4,
        2,
        7
      ],
      "classes": [
        "BENIGN",
        "Botnet Ares",
        "DDoS-HOIC",
        "DDoS-LOIC-HTTP",
        "DDoS-LOIC-UDP - Attempted",
        "DoS GoldenEye",
        "DoS GoldenEye - Attempted",
        "DoS Hulk",
        "DoS Slowloris",
        "DoS Slowloris - Attempted",
        "FTP-BruteForce - Attempted",
        "Infiltration - Communication Victim Attacker",
        "Infiltration - Dropbox Download",
        "Infiltration - NMAP Portscan",
        "Web Attack - Brute Force",
        "Web Attack - Brute Force - Attempted",
        "Web Attack - SQL",
        "Web Attack - SQL - Attempted",
        "Web Attack - XSS",
        "Web Attack - XSS - Attempted"
      ]
    }
  },
  "training": {
    "status": "success",
    "training_time": 6.648564577102661,
    "model_type": "gru",
    "best_accuracy": 0.6814728260040284,
    "model_path": "models/best_model.keras",
    "training_configurations": 1,
    "training_log": [
      {
        "params": {
          "epochs": 5,
          "batch_size": 64,
          "learning_rate": 0.001,
          "activation": "relu",
          "lstm_units": 64,
          "gru_units": 64
        },
        "accuracy": 0.6814728260040284,
        "config_id": 0
      }
    ],
    "evaluation": {
      "status": "success",
      "evaluation_dir": "benchmark_results/20250822_200010_gru_evaluation/visualizations",
      "report": {
        "basic_metrics": {
          "accuracy": 0.711864406779661,
          "precision_per_class": [
            0.7068965517241379,
            0.0,
            0.0,
            0.0,
            0.0,
            0.0,
            0.0,
            0.0,
            0.0,
            0.0,
            0.0,
            0.0,
            0.0,
            1.0
          ],
          "recall_per_class": [
            1.0,
            0.0,
            0.0,
            0.0,
            0.0,
            0.0,
            0.0,
            0.0,
            0.0,
            0.0,
            0.0,
            0.0,
            0.0,
            1.0
          ],
          "f1_per_class": [
            0.8282828282828283,
            0.0,
            0.0,
            0.0,
            0.0,
            0.0,
            0.0,
            0.0,
            0.0,
            0.0,
            0.0,
            0.0,
            0.0,
            1.0
          ],
          "support_per_class": [
            41,
            1,
            2,
            2,
            1,
            2,
            1,
            1,
            3,
            1,
            1,
            1,
            1,
            1
          ]
        },
        "cybersecurity_metrics": {
          "detection_rate": 0.05555555555555555,
          "false_alarm_rate": 0.0,
          "precision_for_attacks": 1.0,
          "binary_confusion_matrix": {
            "true_negative": 41,
            "false_positive": 0,
            "false_negative": 17,
            "true_positive": 1
          },
          "attack_types_analysis": {
            "Botnet Ares": {
              "samples": 1,
              "detected": 0,
              "detection_rate": 0.0
            },
            "DDoS-HOIC": {
              "samples": 2,
              "detected": 0,
              "detection_rate": 0.0
            },
            "DoS GoldenEye": {
              "samples": 2,
              "detected": 0,
              "detection_rate": 0.0
            },
            "DoS GoldenEye - Attempted": {
              "samples": 1,
              "detected": 0,
              "detection_rate": 0.0
            },
            "DoS Hulk": {
              "samples": 2,
              "detected": 0,
              "detection_rate": 0.0
            },
            "DoS Slowloris": {
              "samples": 1,
              "detected": 0,
              "detection_rate": 0.0
            },
            "FTP-BruteForce - Attempted": {
              "samples": 1,
              "detected": 0,
              "detection_rate": 0.0
            },
            "Infiltration - NMAP Portscan": {
              "samples": 3,
              "detected": 0,
              "detection_rate": 0.0
            },
            "Web Attack - Brute Force": {
              "samples": 1,
              "detected": 0,
              "detection_rate": 0.0
            },
            "Web Attack - Brute Force - Attempted": {
              "samples": 1,
              "detected": 0,
              "detection_rate": 0.0
            },
            "Web Attack - SQL": {
              "samples": 1,
              "detected": 0,
              "detection_rate": 0.0
            },
            "Web Attack - SQL - Attempted": {
              "samples": 1,
              "detected": 0,
              "detection_rate": 0.0
            },
            "Web Attack - XSS": {
              "samples": 1,
              "detected": 1,
              "detection_rate": 1.0
            }
          }
        },
        "confusion_matrix": [
          [
            41,
            0,
            0,
            0,
            0,
            0,
            0,
            0,
            0,
            0,
            0,
            0,
            0,
            0
          ],
          [
            1,
            0,
            0,
            0,
            0,
            0,
            0,
            0,
            0,
            0,
            0,
            0,
            0,
            0
          ],
          [
            2,
            0,
            0,
            0,
            0,
            0,
            0,
            0,
            0,
            0,
            0,
            0,
            0,
            0
          ],
          [
            2,
            0,
            0,
            0,
            0,
            0,
            0,
            0,
            0,
            0,
            0,
            0,
            0,
            0
          ],
          [
            1,
            0,
            0,
            0,
            0,
            0,
            0,
            0,
            0,
            0,
            0,
            0,
            0,
            0
          ],
          [
            2,
            0,
            0,
            0,
            0,
            0,
            0,
            0,
            0,
            0,
            0,
            0,
            0,
            0
          ],
          [
            1,
            0,
            0,
            0,
            0,
            0,
            0,
            0,
            0,
            0,
            0,
            0,
            0,
            0
          ],
          [
            1,
            0,
            0,
            0,
            0,
            0,
            0,
            0,
            0,
            0,
            0,
            0,
            0,
            0
          ],
          [
            3,
            0,
            0,
            0,
            0,
            0,
            0,
            0,
            0,
            0,
            0,
            0,
            0,
            0
          ],
          [
            1,
            0,
            0,
            0,
            0,
            0,
            0,
            0,
            0,
            0,
            0,
            0,
            0,
            0
          ],
          [
            1,
            0,
            0,
            0,
            0,
            0,
            0,
            0,
            0,
            0,
            0,
            0,
            0,
            0
          ],
          [
            1,
            0,
            0,
            0,
            0,
            0,
            0,
            0,
            0,
            0,
            0,
            0,
            0,
            0
          ],
          [
            1,
            0,
            0,
            0,
            0,
            0,
            0,
            0,
            0,
            0,
            0,
            0,
            0,
            0
          ],
          [
            0,
            0,
            0,
            0,
            0,
            0,
            0,
            0,
            0,
            0,
            0,
            0,
            0,
            1
          ]
        ],
        "class_names": [
          "BENIGN",
          "Botnet Ares",
          "DDoS-HOIC",
          "DDoS-LOIC-HTTP",
          "DDoS-LOIC-UDP - Attempted",
          "DoS GoldenEye",
          "DoS GoldenEye - Attempted",
          "DoS Hulk",
          "DoS Slowloris",
          "DoS Slowloris - Attempted",
          "FTP-BruteForce - Attempted",
          "Infiltration - Communication Victim Attacker",
          "Infiltration - Dropbox Download",
          "Infiltration - NMAP Portscan",
          "Web Attack - Brute Force",
          "Web Attack - Brute Force - Attempted",
          "Web Attack - SQL",
          "Web Attack - SQL - Attempted",
          "Web Attack - XSS",
          "Web Attack - XSS - Attempted"
        ],
        "visualizations": [
          "benchmark_results/20250822_200010_gru_evaluation/visualizations/confusion_matrix_detailed.png",
          "benchmark_results/20250822_200010_gru_evaluation/visualizations/confusion_matrix_cybersecurity.png",
          "benchmark_results/20250822_200010_gru_evaluation/visualizations/accuracy_per_class.png",
          "benchmark_results/20250822_200010_gru_evaluation/visualizations/roc_curves.png"
        ]
      }
    }
  },
  "timestamp": "2025-08-22T19:55:43.309966"
}