{
  "preprocessing": {
    "status": "success",
    "processing_time": 99.058260679245,
    "dataset_stats": {
      "X_shape": [
        759,
        10,
        23
      ],
      "y_shape": [
        759
      ],
      "unique_classes": 14,
      "class_distribution": [
        502,
        33,
        33,
        0,
        0,
        27,
        22,
        29,
        23,
        26,
        11,
        23,
        4,
        3,
        20,
        3
      ],
      "classes": [
        "BENIGN",
        "DDoS-HOIC",
        "DDoS-LOIC-HTTP",
        "DDoS-LOIC-UDP",
        "DDoS-LOIC-UDP - Attempted",
        "DoS GoldenEye",
        "DoS GoldenEye - Attempted",
        "DoS Hulk",
        "DoS Slowloris",
        "DoS Slowloris - Attempted",
        "Web Attack - Brute Force",
        "Web Attack - Brute Force - Attempted",
        "Web Attack - SQL",
        "Web Attack - SQL - Attempted",
        "Web Attack - XSS",
        "Web Attack - XSS - Attempted"
      ]
    }
  },
  "training": {
    "status": "success",
    "training_time": 4.268337249755859,
    "model_type": "dense",
    "best_accuracy": 0.6837835550308228,
    "model_path": "models/best_model.keras",
    "training_configurations": 2,
    "training_log": [
      {
        "params": {
          "epochs": 2,
          "batch_size": 32,
          "learning_rate": 0.001,
          "activation": "relu",
          "gru_units": 32,
          "lstm_units": 32
        },
        "accuracy": 0.6837835550308228,
        "config_id": 0
      },
      {
        "params": {
          "epochs": 2,
          "batch_size": 32,
          "learning_rate": 0.001,
          "activation": "relu",
          "gru_units": 32,
          "lstm_units": 32
        },
        "accuracy": 0.0,
        "error": "Graph execution error:\n\nDetected at node compile_loss/sparse_categorical_crossentropy/SparseSoftmaxCrossEntropyWithLogits/SparseSoftmaxCrossEntropyWithLogits defined at (most recent call last):\n  File \"/home/wls_user/snn-ids/snn-ids-clean/benchmark.py\", line 377, in <module>\n\n  File \"/home/wls_user/snn-ids/snn-ids-clean/benchmark.py\", line 346, in main\n\n  File \"/home/wls_user/snn-ids/snn-ids-clean/benchmark.py\", line 155, in run_smoke_test\n\n  File \"/home/wls_user/snn-ids/snn-ids-clean/benchmark.py\", line 93, in run_training_test\n\n  File \"/home/wls_user/snn-ids/snn-ids-clean/training/train.py\", line 141, in train_model\n\n  File \"/home/wls_user/.local/lib/python3.10/site-packages/keras/src/utils/traceback_utils.py\", line 117, in error_handler\n\n  File \"/home/wls_user/.local/lib/python3.10/site-packages/keras/src/backend/tensorflow/trainer.py\", line 377, in fit\n\n  File \"/home/wls_user/.local/lib/python3.10/site-packages/keras/src/backend/tensorflow/trainer.py\", line 220, in function\n\n  File \"/home/wls_user/.local/lib/python3.10/site-packages/keras/src/backend/tensorflow/trainer.py\", line 133, in multi_step_on_iterator\n\n  File \"/home/wls_user/.local/lib/python3.10/site-packages/keras/src/backend/tensorflow/trainer.py\", line 114, in one_step_on_data\n\n  File \"/home/wls_user/.local/lib/python3.10/site-packages/keras/src/backend/tensorflow/trainer.py\", line 61, in train_step\n\n  File \"/home/wls_user/.local/lib/python3.10/site-packages/keras/src/trainers/trainer.py\", line 383, in _compute_loss\n\n  File \"/home/wls_user/.local/lib/python3.10/site-packages/keras/src/trainers/trainer.py\", line 351, in compute_loss\n\n  File \"/home/wls_user/.local/lib/python3.10/site-packages/keras/src/trainers/compile_utils.py\", line 690, in __call__\n\n  File \"/home/wls_user/.local/lib/python3.10/site-packages/keras/src/trainers/compile_utils.py\", line 699, in call\n\n  File \"/home/wls_user/.local/lib/python3.10/site-packages/keras/src/losses/loss.py\", line 67, in __call__\n\n  File \"/home/wls_user/.local/lib/python3.10/site-packages/keras/src/losses/losses.py\", line 33, in call\n\n  File \"/home/wls_user/.local/lib/python3.10/site-packages/keras/src/losses/losses.py\", line 2330, in sparse_categorical_crossentropy\n\n  File \"/home/wls_user/.local/lib/python3.10/site-packages/keras/src/ops/nn.py\", line 2008, in sparse_categorical_crossentropy\n\n  File \"/home/wls_user/.local/lib/python3.10/site-packages/keras/src/backend/tensorflow/nn.py\", line 753, in sparse_categorical_crossentropy\n\nReceived a label value of 15 which is outside the valid range of [0, 14).  Label values: 0 0 9 0 9 2 0 0 0 0 0 0 0 0 15 1 0 13 0 14 0 11 0 6 0 0 7 8 2 0 0 0\n\t [[{{node compile_loss/sparse_categorical_crossentropy/SparseSoftmaxCrossEntropyWithLogits/SparseSoftmaxCrossEntropyWithLogits}}]] [Op:__inference_multi_step_on_iterator_10855]",
        "config_id": 0
      }
    ]
  },
  "total_time": 103.32817602157593,
  "timestamp": "2025-08-22T18:34:21.726816",
  "overall_status": "success"
}