{
  "preprocessing": {
    "status": "success",
    "processing_time": 0.008404970169067383,
    "dataset_stats": {
      "X_shape": [
        3750,
        115
      ],
      "y_shape": [
        3750
      ],
      "unique_classes": 2,
      "class_distribution": [
        1875,
        1875
      ],
      "classes": [
        "BENIGN",
        "MALICIOUS"
      ]
    }
  },
  "training": {
    "status": "error",
    "error": "Nessun modello valido addestrato!"
  },
  "total_time": 0.12563872337341309,
  "timestamp": "2025-08-24T12:41:27.309645",
  "overall_status": "failed"
}