{
  "preprocessing": {
    "status": "success",
    "processing_time": 100.97608947753906,
    "dataset_stats": {
      "X_shape": [
        459,
        10,
        23
      ],
      "y_shape": [
        459
      ],
      "unique_classes": 14,
      "class_distribution": [
        304,
        20,
        18,
        0,
        0,
        15,
        13,
        17,
        17,
        13,
        7,
        14,
        7,
        2,
        11,
        1
      ],
      "classes": [
        "BENIGN",
        "DDoS-HOIC",
        "DDoS-LOIC-HTTP",
        "DDoS-LOIC-UDP",
        "DDoS-LOIC-UDP - Attempted",
        "DoS GoldenEye",
        "DoS GoldenEye - Attempted",
        "DoS Hulk",
        "DoS Slowloris",
        "DoS Slowloris - Attempted",
        "Web Attack - Brute Force",
        "Web Attack - Brute Force - Attempted",
        "Web Attack - SQL",
        "Web Attack - SQL - Attempted",
        "Web Attack - XSS",
        "Web Attack - XSS - Attempted"
      ]
    }
  },
  "training": {
    "status": "success",
    "training_time": 7.826364040374756,
    "model_type": "gru",
    "best_accuracy": 0.6645484924316406,
    "model_path": "models/best_model.keras",
    "training_configurations": 1,
    "training_log": [
      {
        "params": {
          "epochs": 5,
          "batch_size": 64,
          "learning_rate": 0.001,
          "activation": "relu",
          "lstm_units": 64,
          "gru_units": 64
        },
        "accuracy": 0.6645484924316406,
        "config_id": 0
      }
    ]
  },
  "timestamp": "2025-08-22T18:49:54.055166"
}