{
  "preprocessing": {
    "status": "success",
    "processing_time": 0.000888824462890625,
    "dataset_stats": {
      "X_shape": [
        2000,
        20
      ],
      "y_shape": [
        2000
      ],
      "unique_classes": 1,
      "class_distribution": [
        2000
      ],
      "classes": [
        "BENIGN"
      ]
    }
  },
  "training": {
    "status": "success",
    "training_time": 5.079918622970581,
    "model_type": "dense",
    "best_accuracy": 1.0,
    "model_path": "models/best_model.keras",
    "training_configurations": 1,
    "training_log": [
      {
        "params": {
          "epochs": 2,
          "batch_size": 32,
          "learning_rate": 0.001,
          "activation": "relu",
          "gru_units": 32,
          "lstm_units": 32
        },
        "accuracy": 1.0,
        "config_id": 0
      }
    ],
    "evaluation": {
      "status": "success",
      "evaluation_dir": "benchmark_results/20250823_155510_dense_evaluation/visualizations",
      "report": {
        "basic_metrics": {
          "accuracy": 1.0,
          "precision_per_class": [
            1.0
          ],
          "recall_per_class": [
            1.0
          ],
          "f1_per_class": [
            1.0
          ],
          "support_per_class": [
            400
          ]
        },
        "cybersecurity_metrics": {
          "detection_rate": 0.0,
          "false_alarm_rate": 0.0,
          "precision_for_attacks": 0.0,
          "binary_confusion_matrix": {
            "true_negative": 400,
            "false_positive": 0,
            "false_negative": 0,
            "true_positive": 0
          },
          "attack_types_analysis": {}
        },
        "confusion_matrix": [
          [
            400
          ]
        ],
        "class_names": [
          "BENIGN"
        ],
        "visualizations": [
          "benchmark_results/20250823_155510_dense_evaluation/visualizations/confusion_matrix_detailed.png",
          "benchmark_results/20250823_155510_dense_evaluation/visualizations/confusion_matrix_cybersecurity.png",
          "benchmark_results/20250823_155510_dense_evaluation/visualizations/accuracy_per_class.png"
        ]
      }
    }
  },
  "total_time": 5.814307689666748,
  "timestamp": "2025-08-23T15:55:05.880006",
  "overall_status": "success"
}