{
  "preprocessing": {
    "status": "success",
    "processing_time": 266.2339470386505,
    "dataset_stats": {
      "X_shape": [
        73,
        10,
        23
      ],
      "y_shape": [
        73
      ],
      "unique_classes": 12,
      "class_distribution": [
        49,
        3,
        3,
        2,
        0,
        3,
        0,
        2,
        1,
        0,
        3,
        2,
        2,
        1,
        0,
        2
      ],
      "classes": [
        "BENIGN",
        "Botnet Ares",
        "DDoS-HOIC",
        "DDoS-LOIC-HTTP",
        "DDoS-LOIC-UDP - Attempted",
        "DoS GoldenEye",
        "DoS GoldenEye - Attempted",
        "DoS Hulk",
        "DoS Slowloris",
        "FTP-BruteForce - Attempted",
        "Infiltration - NMAP Portscan",
        "Web Attack - Brute Force",
        "Web Attack - Brute Force - Attempted",
        "Web Attack - SQL",
        "Web Attack - SQL - Attempted",
        "Web Attack - XSS"
      ]
    }
  },
  "training": {
    "status": "success",
    "training_time": 7.284472703933716,
    "model_type": "dense",
    "best_accuracy": 0.28476191461086275,
    "model_path": "models/best_model.keras",
    "training_configurations": 1,
    "training_log": [
      {
        "params": {
          "epochs": 2,
          "batch_size": 32,
          "learning_rate": 0.001,
          "activation": "relu",
          "gru_units": 32,
          "lstm_units": 32
        },
        "accuracy": 0.28476191461086275,
        "config_id": 0
      }
    ],
    "evaluation": {
      "status": "error",
      "error": "The least populated class in y has only 1 member, which is too few. The minimum number of groups for any class cannot be less than 2."
    }
  },
  "total_time": 273.520112991333,
  "timestamp": "2025-08-22T19:16:10.422211",
  "overall_status": "success"
}