{
  "preprocessing": {
    "status": "success",
    "processing_time": 262.8024592399597,
    "dataset_stats": {
      "X_shape": [
        149,
        10,
        23
      ],
      "y_shape": [
        149
      ],
      "unique_classes": 13,
      "class_distribution": [
        98,
        6,
        6,
        5,
        0,
        4,
        2,
        5,
        3,
        0,
        6,
        7,
        0,
        1,
        1,
        5
      ],
      "classes": [
        "BENIGN",
        "Botnet Ares",
        "DDoS-HOIC",
        "DDoS-LOIC-HTTP",
        "DDoS-LOIC-UDP - Attempted",
        "DoS GoldenEye",
        "DoS GoldenEye - Attempted",
        "DoS Hulk",
        "DoS Slowloris",
        "FTP-BruteForce - Attempted",
        "Infiltration - NMAP Portscan",
        "Web Attack - Brute Force",
        "Web Attack - Brute Force - Attempted",
        "Web Attack - SQL",
        "Web Attack - SQL - Attempted",
        "Web Attack - XSS",
        "Web Attack - XSS - Attempted"
      ]
    }
  },
  "training": {
    "status": "success",
    "training_time": 7.792564153671265,
    "model_type": "dense",
    "best_accuracy": 0.6043678164482117,
    "model_path": "models/best_model.keras",
    "training_configurations": 1,
    "training_log": [
      {
        "params": {
          "epochs": 2,
          "batch_size": 32,
          "learning_rate": 0.001,
          "activation": "relu",
          "gru_units": 32,
          "lstm_units": 32
        },
        "accuracy": 0.6043678164482117,
        "config_id": 0
      }
    ],
    "evaluation": {
      "status": "error",
      "error": "The least populated class in y has only 1 member, which is too few. The minimum number of groups for any class cannot be less than 2."
    }
  },
  "total_time": 270.5974431037903,
  "timestamp": "2025-08-22T19:04:55.713260",
  "overall_status": "success"
}