{
  "timestamp": "2025-08-24T18:18:32.531318",
  "test_type": "full_benchmark",
  "configuration_tests": [
    {
      "status": "error",
      "stage": "training",
      "error": "'int' object is not iterable",
      "config": {
        "sample_size": 100000,
        "data_path": "data",
        "model_type": "dense",
        "hyperparameters": {
          "epochs": 5,
          "batch_size": 64,
          "learning_rate": 0.001,
          "activation": [
            "relu"
          ],
          "lstm_units": [
            64
          ],
          "gru_units": [
            64
          ]
        }
      }
    },
    {
      "status": "error",
      "stage": "training",
      "error": "'int' object is not iterable",
      "config": {
        "sample_size": 100000,
        "data_path": "data",
        "model_type": "gru",
        "hyperparameters": {
          "epochs": 5,
          "batch_size": 64,
          "learning_rate": 0.001,
          "activation": [
            "relu"
          ],
          "lstm_units": [
            64
          ],
          "gru_units": [
            64
          ]
        }
      }
    },
    {
      "status": "error",
      "stage": "training",
      "error": "'int' object is not iterable",
      "config": {
        "sample_size": 100000,
        "data_path": "data",
        "model_type": "lstm",
        "hyperparameters": {
          "epochs": 5,
          "batch_size": 64,
          "learning_rate": 0.001,
          "activation": [
            "relu"
          ],
          "lstm_units": [
            64
          ],
          "gru_units": [
            64
          ]
        }
      }
    }
  ],
  "summary": {}
}