{
  "preprocessing": {
    "status": "success",
    "processing_time": 103.76569509506226,
    "dataset_stats": {
      "X_shape": [
        759,
        10,
        23
      ],
      "y_shape": [
        759
      ],
      "unique_classes": 14,
      "class_distribution": [
        502,
        33,
        33,
        0,
        0,
        27,
        22,
        29,
        23,
        26,
        11,
        23,
        4,
        3,
        20,
        3
      ],
      "classes": [
        "BENIGN",
        "DDoS-HOIC",
        "DDoS-LOIC-HTTP",
        "DDoS-LOIC-UDP",
        "DDoS-LOIC-UDP - Attempted",
        "DoS GoldenEye",
        "DoS GoldenEye - Attempted",
        "DoS Hulk",
        "DoS Slowloris",
        "DoS Slowloris - Attempted",
        "Web Attack - Brute Force",
        "Web Attack - Brute Force - Attempted",
        "Web Attack - SQL",
        "Web Attack - SQL - Attempted",
        "Web Attack - XSS",
        "Web Attack - XSS - Attempted"
      ]
    }
  },
  "training": {
    "status": "error",
    "error": "Nessun modello valido addestrato!"
  },
  "total_time": 104.4403886795044,
  "timestamp": "2025-08-22T18:32:06.708958",
  "overall_status": "failed"
}