{
  "preprocessing": {
    "status": "success",
    "processing_time": 40.97526550292969,
    "dataset_stats": {
      "X_shape": [
        3750,
        1,
        115
      ],
      "y_shape": [
        3750
      ],
      "unique_classes": 2,
      "class_distribution": [
        1875,
        1875
      ],
      "classes": [
        "BENIGN",
        "MALICIOUS"
      ]
    }
  },
  "training": {
    "status": "error",
    "error": "Nessun modello valido addestrato!"
  },
  "total_time": 41.22741770744324,
  "timestamp": "2025-08-23T16:18:56.878942",
  "overall_status": "failed"
}