{
  "timestamp": "2025-08-24T13:48:16.484864",
  "overall_status": "success",
  "total_time": 103.9941029548645,
  "runs": [
    {
      "preprocessing": {
        "status": "success",
        "processing_time": 12.57288122177124,
        "dataset_stats": {
          "X_shape": [
            3750,
            1,
            92
          ],
          "y_shape": [
            3750
          ],
          "unique_classes": 2,
          "class_distribution": [
            1875,
            1875
          ],
          "classes": [
            "BENIGN",
            "FTP-BruteForce - Attempted",
            "SSH-BruteForce"
          ]
        }
      },
      "training": {
        "status": "success",
        "training_time": 32.78111505508423,
        "model_type": "gru",
        "best_accuracy": 0.9997333288192749,
        "model_path": "models/best_model.keras",
        "training_configurations": 4,
        "training_log": [
          {
            "params": {
              "epochs": 3,
              "batch_size": 32,
              "learning_rate": 0.001,
              "activation": "relu",
              "lstm_units": 64,
              "gru_units": 64
            },
            "accuracy": 0.9994666576385498,
            "config_id": 0
          },
          {
            "params": {
              "epochs": 3,
              "batch_size": 32,
              "learning_rate": 0.0005,
              "activation": "relu",
              "lstm_units": 64,
              "gru_units": 64
            },
            "accuracy": 0.9994666576385498,
            "config_id": 1
          },
          {
            "params": {
              "epochs": 6,
              "batch_size": 32,
              "learning_rate": 0.001,
              "activation": "relu",
              "lstm_units": 64,
              "gru_units": 64
            },
            "accuracy": 0.9997333288192749,
            "config_id": 2
          },
          {
            "params": {
              "epochs": 6,
              "batch_size": 32,
              "learning_rate": 0.0005,
              "activation": "relu",
              "lstm_units": 64,
              "gru_units": 64
            },
            "accuracy": 0.9994666576385498,
            "config_id": 3
          }
        ],
        "evaluation": {
          "status": "success",
          "evaluation_dir": "benchmark_results/20250824_134901_gru_evaluation/visualizations",
          "report": {
            "basic_metrics": {
              "accuracy": 0.5,
              "precision_per_class": [
                0.5,
                0.0
              ],
              "recall_per_class": [
                1.0,
                0.0
              ],
              "f1_per_class": [
                0.6666666666666666,
                0.0
              ],
              "support_per_class": [
                375,
                375
              ]
            },
            "cybersecurity_metrics": {
              "detection_rate": 0.0,
              "false_alarm_rate": 0.0,
              "precision_for_attacks": 0.0,
              "binary_confusion_matrix": {
                "true_negative": 375,
                "false_positive": 0,
                "false_negative": 375,
                "true_positive": 0
              },
              "attack_types_analysis": {
                "FTP-BruteForce - Attempted": {
                  "samples": 375,
                  "detected": 0,
                  "detection_rate": 0.0
                }
              }
            },
            "confusion_matrix": [
              [
                375,
                0
              ],
              [
                375,
                0
              ]
            ],
            "class_names": [
              "BENIGN",
              "FTP-BruteForce - Attempted",
              "SSH-BruteForce"
            ],
            "visualizations": [
              "benchmark_results/20250824_134901_gru_evaluation/visualizations/confusion_matrix_detailed.png",
              "benchmark_results/20250824_134901_gru_evaluation/visualizations/confusion_matrix_cybersecurity.png",
              "benchmark_results/20250824_134901_gru_evaluation/visualizations/accuracy_per_class.png"
            ]
          }
        }
      },
      "total_time": 46.219372510910034,
      "timestamp": "2025-08-24T13:48:16.484864",
      "overall_status": "success",
      "profile": "gru_sequence"
    },
    {
      "preprocessing": {
        "status": "success",
        "processing_time": 35.140807151794434,
        "dataset_stats": {
          "X_shape": [
            3750,
            69
          ],
          "y_shape": [
            3750
          ],
          "unique_classes": 2,
          "class_distribution": [
            1875,
            1875
          ],
          "classes": [
            "BENIGN",
            "MALICIOUS"
          ]
        }
      },
      "training": {
        "status": "success",
        "training_time": 2.495913028717041,
        "model_type": "dense",
        "best_accuracy": 1.0,
        "model_path": "models/best_model.keras",
        "training_configurations": 1,
        "training_log": [
          {
            "params": {
              "epochs": 3,
              "batch_size": 64,
              "learning_rate": 0.001,
              "activation": "relu",
              "lstm_units": 64,
              "gru_units": 64
            },
            "accuracy": 1.0,
            "config_id": 0
          }
        ],
        "evaluation": {
          "status": "success",
          "evaluation_dir": "benchmark_results/20250824_134940_dense_evaluation/visualizations",
          "report": {
            "basic_metrics": {
              "accuracy": 0.5,
              "precision_per_class": [
                0.5,
                0.0
              ],
              "recall_per_class": [
                1.0,
                0.0
              ],
              "f1_per_class": [
                0.6666666666666666,
                0.0
              ],
              "support_per_class": [
                375,
                375
              ]
            },
            "cybersecurity_metrics": {
              "detection_rate": 0.0,
              "false_alarm_rate": 0.0,
              "precision_for_attacks": 0.0,
              "binary_confusion_matrix": {
                "true_negative": 375,
                "false_positive": 0,
                "false_negative": 375,
                "true_positive": 0
              },
              "attack_types_analysis": {
                "MALICIOUS": {
                  "samples": 375,
                  "detected": 0,
                  "detection_rate": 0.0
                }
              }
            },
            "confusion_matrix": [
              [
                375,
                0
              ],
              [
                375,
                0
              ]
            ],
            "class_names": [
              "BENIGN",
              "MALICIOUS"
            ],
            "visualizations": [
              "benchmark_results/20250824_134940_dense_evaluation/visualizations/confusion_matrix_detailed.png",
              "benchmark_results/20250824_134940_dense_evaluation/visualizations/confusion_matrix_cybersecurity.png",
              "benchmark_results/20250824_134940_dense_evaluation/visualizations/accuracy_per_class.png"
            ]
          }
        }
      },
      "total_time": 38.398106813430786,
      "timestamp": "2025-08-24T13:48:16.484864",
      "overall_status": "success",
      "profile": "dense_aggregate"
    },
    {
      "preprocessing": {
        "status": "success",
        "processing_time": 10.913482189178467,
        "dataset_stats": {
          "X_shape": [
            3750,
            1,
            46
          ],
          "y_shape": [
            3750
          ],
          "unique_classes": 2,
          "class_distribution": [
            1875,
            1875
          ],
          "classes": [
            "BENIGN",
            "FTP-BruteForce - Attempted",
            "SSH-BruteForce"
          ]
        }
      },
      "training": {
        "status": "success",
        "training_time": 7.5958569049835205,
        "model_type": "gru",
        "best_accuracy": 0.9994666576385498,
        "model_path": "models/best_model.keras",
        "training_configurations": 1,
        "training_log": [
          {
            "params": {
              "epochs": 3,
              "batch_size": 32,
              "learning_rate": 0.001,
              "activation": "relu",
              "lstm_units": 64,
              "gru_units": 64
            },
            "accuracy": 0.9994666576385498,
            "config_id": 0
          }
        ],
        "evaluation": {
          "status": "success",
          "evaluation_dir": "benchmark_results/20250824_134959_gru_evaluation/visualizations",
          "report": {
            "basic_metrics": {
              "accuracy": 0.5,
              "precision_per_class": [
                0.5,
                0.0
              ],
              "recall_per_class": [
                1.0,
                0.0
              ],
              "f1_per_class": [
                0.6666666666666666,
                0.0
              ],
              "support_per_class": [
                375,
                375
              ]
            },
            "cybersecurity_metrics": {
              "detection_rate": 0.0,
              "false_alarm_rate": 0.0,
              "precision_for_attacks": 0.0,
              "binary_confusion_matrix": {
                "true_negative": 375,
                "false_positive": 0,
                "false_negative": 375,
                "true_positive": 0
              },
              "attack_types_analysis": {
                "FTP-BruteForce - Attempted": {
                  "samples": 375,
                  "detected": 0,
                  "detection_rate": 0.0
                }
              }
            },
            "confusion_matrix": [
              [
                375,
                0
              ],
              [
                375,
                0
              ]
            ],
            "class_names": [
              "BENIGN",
              "FTP-BruteForce - Attempted",
              "SSH-BruteForce"
            ],
            "visualizations": [
              "benchmark_results/20250824_134959_gru_evaluation/visualizations/confusion_matrix_detailed.png",
              "benchmark_results/20250824_134959_gru_evaluation/visualizations/confusion_matrix_cybersecurity.png",
              "benchmark_results/20250824_134959_gru_evaluation/visualizations/accuracy_per_class.png"
            ]
          }
        }
      },
      "total_time": 19.3764750957489,
      "timestamp": "2025-08-24T13:48:16.484864",
      "overall_status": "success",
      "profile": "ablation_non_mal_only"
    }
  ]
}