{
  "preprocessing": {
    "status": "success",
    "processing_time": 101.5497522354126,
    "dataset_stats": {
      "X_shape": [
        759,
        10,
        23
      ],
      "y_shape": [
        759
      ],
      "unique_classes": 14,
      "class_distribution": [
        502,
        33,
        33,
        0,
        0,
        27,
        22,
        29,
        23,
        26,
        11,
        23,
        4,
        3,
        20,
        3
      ],
      "classes": [
        "BENIGN",
        "DDoS-HOIC",
        "DDoS-LOIC-HTTP",
        "DDoS-LOIC-UDP",
        "DDoS-LOIC-UDP - Attempted",
        "DoS GoldenEye",
        "DoS GoldenEye - Attempted",
        "DoS Hulk",
        "DoS Slowloris",
        "DoS Slowloris - Attempted",
        "Web Attack - Brute Force",
        "Web Attack - Brute Force - Attempted",
        "Web Attack - SQL",
        "Web Attack - SQL - Attempted",
        "Web Attack - XSS",
        "Web Attack - XSS - Attempted"
      ]
    }
  },
  "training": {
    "status": "success",
    "training_time": 7.252863883972168,
    "model_type": "gru",
    "best_accuracy": 0.6232485175132751,
    "model_path": "models/best_model.keras",
    "training_configurations": 1,
    "training_log": [
      {
        "params": {
          "epochs": 2,
          "batch_size": 32,
          "learning_rate": 0.001,
          "activation": "relu",
          "gru_units": 32,
          "lstm_units": 32
        },
        "accuracy": 0.6232485175132751,
        "config_id": 0
      }
    ]
  },
  "total_time": 108.80362606048584,
  "timestamp": "2025-08-22T18:42:13.398690",
  "overall_status": "success"
}