{
  "preprocessing": {
    "status": "success",
    "processing_time": 37.215052366256714,
    "dataset_stats": {
      "X_shape": [
        3750,
        115
      ],
      "y_shape": [
        3750
      ],
      "unique_classes": 2,
      "class_distribution": [
        1875,
        1875
      ],
      "classes": [
        "BENIGN",
        "MALICIOUS"
      ]
    }
  },
  "training": {
    "status": "error",
    "error": "Nessun modello valido addestrato!"
  },
  "total_time": 37.31992053985596,
  "timestamp": "2025-08-24T12:42:08.827770",
  "overall_status": "failed"
}