{
  "preprocessing": {
    "status": "success",
    "processing_time": 202.22237586975098,
    "dataset_stats": {
      "X_shape": [
        75000,
        69
      ],
      "y_shape": [
        75000
      ],
      "unique_classes": 2,
      "class_distribution": [
        37500,
        37500
      ],
      "classes": [
        "BENIGN",
        "FTP-BruteForce - Attempted",
        "SSH-BruteForce"
      ]
    }
  },
  "training": {
    "status": "success",
    "training_time": 46.585739850997925,
    "model_type": "dense",
    "best_accuracy": 0.9997866749763489,
    "model_path": "models/best_model.keras",
    "training_configurations": 1,
    "training_log": [
      {
        "params": {
          "epochs": 5,
          "batch_size": 64,
          "learning_rate": 0.001,
          "activation": "relu",
          "lstm_units": 64,
          "gru_units": 64
        },
        "accuracy": 0.9997866749763489,
        "config_id": 0
      }
    ],
    "evaluation": {
      "status": "success",
      "evaluation_dir": "benchmark_results/20250824_143502_dense_evaluation/visualizations",
      "report": {
        "basic_metrics": {
          "accuracy": 0.5,
          "precision_per_class": [
            0.5,
            0.0
          ],
          "recall_per_class": [
            1.0,
            0.0
          ],
          "f1_per_class": [
            0.6666666666666666,
            0.0
          ],
          "support_per_class": [
            7500,
            7500
          ]
        },
        "cybersecurity_metrics": {
          "detection_rate": 0.0,
          "false_alarm_rate": 0.0,
          "precision_for_attacks": 0.0,
          "binary_confusion_matrix": {
            "true_negative": 7500,
            "false_positive": 0,
            "false_negative": 7500,
            "true_positive": 0
          },
          "attack_types_analysis": {
            "FTP-BruteForce - Attempted": {
              "samples": 7500,
              "detected": 0,
              "detection_rate": 0.0
            }
          }
        },
        "confusion_matrix": [
          [
            7500,
            0
          ],
          [
            7500,
            0
          ]
        ],
        "class_names": [
          "BENIGN",
          "FTP-BruteForce - Attempted",
          "SSH-BruteForce"
        ],
        "visualizations": [
          "benchmark_results/20250824_143502_dense_evaluation/visualizations/confusion_matrix_detailed.png",
          "benchmark_results/20250824_143502_dense_evaluation/visualizations/confusion_matrix_cybersecurity.png",
          "benchmark_results/20250824_143502_dense_evaluation/visualizations/accuracy_per_class.png"
        ]
      }
    }
  },
  "timestamp": "2025-08-24T14:30:53.691201"
}