ip_sorgente,ip_destinazione,porta_sorgente,porta_destinazione,protocollo,byte_inviati,byte_ricevuti,pacchetti_inviati,pacchetti_ricevuti,tipo_attacco
209.31.142.177,153.103.210.152,1966,53,UDP,984,697,7,7,u2r
215.134.147.167,201.228.134.83,18455,63007,ICMP,700,873,18,22,normal
192.152.246.57,134.48.77.173,58782,80,ICMP,1021,1164,13,23,normal
121.159.151.5,50.67.141.171,32728,80,UDP,263,1878,7,25,probe
209.146.9.195,141.13.199.7,11327,443,ICMP,591,2947,12,1,u2r
15.59.188.21,87.212.176.139,35923,18890,TCP,161,1380,9,12,normal
89.40.98.96,18.17.235.38,13574,22,TCP,1244,2833,4,7,normal
120.176.167.105,193.179.121.254,53881,22,UDP,891,2318,20,12,normal
129.44.211.117,199.180.22.33,13539,443,UDP,635,2627,2,20,probe
75.79.161.234,50.122.30.227,14057,22,ICMP,518,1509,12,1,u2r
119.70.156.64,27.137.61.162,55107,21,ICMP,795,209,14,1,dos
3.141.204.150,184.77.39.148,17668,63255,UDP,999,878,15,27,probe
69.216.65.6,163.255.17.102,59446,443,TCP,1097,1857,15,24,normal
61.23.64.234,91.137.192.133,51172,42332,TCP,1300,540,20,27,dos
156.166.52.53,88.76.106.252,15392,53,TCP,996,1710,5,3,normal
134.152.25.69,89.99.100.4,57561,80,TCP,1363,1368,17,14,r2l
52.78.146.174,186.234.215.213,16279,53,UDP,275,282,6,5,normal
3.59.141.47,210.120.17.109,3378,21,UDP,1079,366,3,26,normal
131.59.35.130,70.101.116.72,21819,21,UDP,1230,1360,14,14,normal
89.130.14.163,57.31.184.174,46685,21,UDP,521,96,9,2,normal
168.91.156.132,5.171.229.121,54629,53,TCP,635,1731,15,10,normal
13.121.195.59,107.146.151.160,32230,53,TCP,359,176,7,2,normal
31.118.192.72,206.105.154.164,31363,80,ICMP,650,364,3,12,normal
160.40.197.113,192.76.69.16,7813,22,UDP,80,2086,1,20,u2r
113.195.159.56,142.136.106.193,54505,21,UDP,706,2380,16,23,normal
24.129.40.139,134.85.166.108,21321,53,UDP,689,2255,13,5,dos
59.53.170.64,72.145.108.149,40745,53,ICMP,542,515,9,15,normal
17.72.0.99,143.254.68.121,33567,21,TCP,884,1618,12,22,normal
162.7.101.143,79.199.19.205,46848,22,ICMP,453,1494,5,19,normal
58.216.103.71,185.208.204.195,31279,52299,TCP,72,1745,11,13,normal
99.199.199.175,137.151.99.194,53045,443,UDP,887,2498,2,9,normal
139.250.131.147,15.110.116.123,60904,443,TCP,1136,1701,14,15,normal
114.254.221.183,76.83.94.167,23945,80,ICMP,855,2473,5,17,probe
223.199.192.197,51.22.239.81,49964,10179,ICMP,480,2444,9,6,normal
70.220.237.72,166.169.244.55,6045,443,ICMP,322,1938,17,10,normal
140.6.164.220,13.15.97.26,45991,28797,ICMP,1436,455,19,4,normal
180.167.141.11,156.40.222.140,26844,443,TCP,1226,510,2,22,probe
84.114.131.153,62.80.112.160,6980,21,TCP,1335,1984,2,7,normal
104.222.144.98,219.178.135.8,62642,37135,TCP,866,2697,19,10,normal
156.127.78.230,142.30.227.195,17560,443,ICMP,500,1801,15,22,dos
140.163.90.207,187.247.71.157,21104,80,UDP,1365,1810,7,13,normal
144.41.227.3,176.63.217.126,15402,44344,ICMP,343,2196,3,29,probe
82.172.130.243,169.119.122.208,44049,21,TCP,525,1077,5,22,dos
11.0.131.182,42.132.159.144,14500,22,ICMP,495,2812,20,27,normal
218.92.53.112,179.94.242.129,17529,443,ICMP,795,115,4,4,normal
118.239.172.119,45.169.41.24,21533,22,UDP,440,1921,9,5,normal
222.179.16.201,89.243.185.59,51317,6818,UDP,638,1692,7,3,normal
222.127.245.193,166.236.86.230,63461,21,TCP,1106,2484,18,13,dos
88.128.102.207,188.230.26.106,9270,31335,UDP,1312,104,19,13,normal
112.168.115.137,43.72.240.218,9734,37713,TCP,1040,1716,6,21,normal
72.95.83.209,191.79.21.113,23072,80,TCP,1147,975,18,26,normal
66.27.8.14,150.68.156.93,46339,8164,ICMP,701,75,1,26,probe
91.190.48.233,210.91.212.68,50119,64766,TCP,599,408,17,20,probe
110.105.157.108,91.130.174.219,33871,80,ICMP,297,2626,13,15,normal
165.208.169.28,105.63.169.207,6250,59919,TCP,443,2604,5,1,normal
81.91.108.19,136.126.177.229,59613,80,UDP,117,2145,7,20,normal
209.158.164.231,59.188.2.119,14213,443,TCP,226,2176,11,14,probe
96.250.98.205,73.252.142.83,29137,21,TCP,1145,2439,7,23,dos
46.53.214.110,141.232.241.124,10558,21,ICMP,1452,934,17,29,normal
203.49.91.99,32.195.170.61,27101,45526,UDP,526,1882,15,1,normal
15.75.222.42,45.147.30.100,36996,443,UDP,1107,529,3,28,normal
209.234.15.225,137.16.4.21,45957,53,UDP,1379,1147,3,17,u2r
202.226.95.127,77.63.81.110,41918,22,ICMP,560,2925,16,25,normal
199.59.43.213,37.13.232.126,44133,80,UDP,71,1562,12,20,normal
85.197.185.181,7.129.154.207,55581,21,UDP,1436,2741,9,30,normal
222.128.227.119,84.124.221.195,54633,21,UDP,938,2180,2,12,normal
187.67.69.207,187.199.201.200,59181,2260,TCP,1028,1970,6,9,probe
112.64.219.142,167.132.239.184,56394,53,ICMP,569,1542,5,1,dos
181.49.224.90,15.191.37.223,31064,80,ICMP,78,1669,4,15,dos
103.49.193.74,188.250.183.45,8672,51383,TCP,94,1188,15,15,normal
117.54.114.171,118.206.61.105,50772,33050,TCP,891,2504,5,1,normal
128.1.65.103,72.250.204.169,50551,21,UDP,1187,960,6,20,probe
208.198.238.31,3.168.171.79,12480,22,UDP,1121,1772,1,21,normal
93.120.129.152,87.207.106.188,55231,53,ICMP,343,636,15,27,normal
66.233.54.195,181.166.21.29,31283,21,ICMP,380,1758,17,13,normal
22.211.69.2,130.122.123.150,10459,443,ICMP,1343,1856,18,28,normal
176.10.188.99,171.48.96.154,9203,53,TCP,1359,2546,12,13,normal
141.202.153.195,148.72.219.144,47624,443,UDP,1147,407,9,29,normal
62.68.190.74,99.46.145.95,51000,443,ICMP,842,792,2,29,normal
121.101.217.118,145.172.202.13,8714,23481,UDP,777,1560,12,21,dos
109.1.170.39,140.57.20.113,13381,443,UDP,1266,1854,4,5,normal
221.77.7.94,58.6.122.43,6268,21,TCP,1044,612,1,9,normal
126.187.34.20,166.226.70.197,13223,21,ICMP,1409,1396,3,19,dos
144.155.225.241,179.135.102.46,26333,22,TCP,962,2739,12,20,normal
185.227.224.84,162.95.221.162,6419,80,UDP,1002,1194,19,30,normal
193.8.123.50,11.149.104.173,19877,8132,ICMP,1062,1273,12,16,probe
35.44.147.240,217.20.122.94,48378,80,UDP,809,1285,2,22,u2r
222.35.4.215,64.6.151.30,12445,80,TCP,434,161,1,17,normal
58.246.179.129,68.59.132.73,61878,46223,TCP,404,2904,8,10,dos
69.174.214.85,33.98.194.250,33354,21,TCP,1239,1075,13,21,normal
181.56.68.24,215.18.56.175,12595,13762,UDP,614,1096,2,16,normal
85.145.231.57,39.251.200.183,45410,443,ICMP,898,2026,6,9,normal
53.250.140.122,104.185.134.57,62725,22,UDP,1170,1437,1,25,normal
216.255.161.79,36.21.54.166,11316,22,ICMP,1372,2840,10,25,dos
25.190.68.94,131.177.184.235,59726,22,ICMP,679,197,3,22,normal
99.58.71.48,160.184.28.131,56989,15137,TCP,1150,577,2,23,normal
27.164.62.128,23.30.182.150,23043,53,ICMP,906,2506,12,27,normal
135.186.147.40,18.12.141.66,38426,22,TCP,1388,2195,18,11,r2l
93.23.154.211,15.109.180.0,11204,443,ICMP,1045,2943,7,12,normal
134.172.189.243,110.154.62.207,40816,443,TCP,896,2985,12,7,normal
196.247.135.160,69.98.246.28,13305,80,ICMP,1397,1498,4,10,r2l
53.222.229.227,43.151.204.203,39374,15010,TCP,1466,1148,18,26,normal
71.45.170.123,149.148.18.149,3155,47074,ICMP,1421,2056,3,13,normal
76.93.137.53,75.7.69.114,64662,22,TCP,442,581,11,28,normal
142.160.73.212,58.186.247.245,16134,53,ICMP,1061,588,9,28,probe
79.213.53.224,213.246.119.109,31013,21,TCP,1433,504,6,17,normal
222.95.14.14,30.137.80.141,9228,28505,ICMP,131,788,7,25,probe
39.130.157.37,101.132.150.206,44950,80,TCP,893,2324,18,13,normal
79.127.205.24,6.187.160.226,5001,443,ICMP,685,455,7,1,normal
159.243.215.119,190.213.52.107,26650,22,UDP,1060,1142,9,14,normal
172.117.173.153,29.163.17.212,6488,80,ICMP,1464,765,19,22,dos
100.186.172.48,125.17.230.186,62707,53,ICMP,1317,2741,13,22,dos
183.35.24.126,54.126.73.99,14550,22,ICMP,1053,1858,5,7,dos
143.42.21.237,146.237.201.198,4548,33689,UDP,695,2148,19,18,dos
69.139.212.79,155.233.52.3,31331,443,ICMP,1217,2654,7,26,normal
14.205.215.179,37.216.158.218,21511,53,UDP,209,909,2,14,normal
112.184.51.195,100.25.7.189,40448,80,ICMP,1065,2418,11,14,probe
38.141.165.205,189.199.151.177,59570,53,TCP,1451,1055,12,2,normal
213.114.130.18,86.95.139.134,32718,80,TCP,338,88,3,30,normal
134.110.227.39,132.0.181.129,10170,443,ICMP,94,165,5,9,normal
93.9.10.180,223.20.156.203,6657,22,TCP,67,1809,1,13,dos
44.224.77.172,142.241.102.157,41583,9431,UDP,1007,1647,6,2,normal
206.88.42.39,182.150.27.40,46048,21,ICMP,303,1171,6,8,probe
166.93.14.15,211.251.9.200,51575,21,ICMP,456,2062,18,10,normal
178.124.205.204,88.136.17.155,45997,53,ICMP,846,1830,2,28,u2r
59.39.79.28,216.134.130.75,45123,21,TCP,1091,2385,14,23,normal
217.123.167.115,22.57.126.46,38103,80,UDP,523,2350,16,21,normal
58.146.86.6,187.230.209.46,50245,443,ICMP,1084,889,1,26,normal
177.157.74.170,48.119.203.70,55801,12203,TCP,722,402,11,18,probe
68.41.23.77,179.128.191.25,25149,443,TCP,1470,1250,11,8,r2l
150.15.167.131,92.123.155.202,46908,21,ICMP,1307,2148,5,1,normal
169.149.16.75,25.212.118.199,16492,22,ICMP,280,2356,20,21,dos
111.132.221.223,110.45.255.150,21453,53,UDP,390,2488,20,5,normal
61.175.158.37,164.14.223.143,32489,21,UDP,1287,1161,14,16,normal
22.215.66.10,27.213.46.244,60743,21,UDP,251,1271,19,20,u2r
203.251.38.116,80.161.3.108,41191,80,UDP,1205,2510,14,8,normal
191.134.185.73,80.54.46.96,14611,443,UDP,238,1880,10,22,normal
171.43.255.24,183.200.197.56,55673,22,TCP,517,2451,3,13,probe
89.207.160.76,30.44.74.120,16265,53,ICMP,698,2063,5,20,u2r
1.240.70.34,204.9.74.200,61358,22,TCP,1368,1188,4,28,normal
210.220.47.125,179.9.132.47,61267,22,ICMP,1093,1632,16,11,normal
97.135.148.89,73.155.205.182,21935,53686,UDP,803,187,15,29,normal
204.96.211.103,147.220.156.135,52721,22,UDP,164,1996,11,29,normal
104.129.114.39,66.241.34.240,25152,80,ICMP,1438,2595,2,7,normal
123.117.58.64,44.26.173.151,54258,21,ICMP,980,2894,19,7,r2l
45.12.111.141,145.207.164.100,56352,53,ICMP,878,2589,2,9,normal
16.200.49.50,182.125.48.4,24804,21,UDP,414,2929,7,11,normal
116.171.219.75,150.84.214.128,8532,53,TCP,186,2387,4,26,normal
170.10.135.182,106.144.231.19,6664,22,TCP,218,2119,9,1,normal
43.82.186.141,160.35.14.146,25148,22,UDP,924,2572,20,8,normal
116.54.212.200,80.184.6.6,43988,53,UDP,200,1663,7,7,normal
74.212.146.197,172.160.136.45,39655,6214,TCP,1083,2778,5,9,normal
11.163.119.30,2.24.67.192,12218,443,UDP,131,2139,12,18,normal
4.220.78.118,78.168.227.217,38485,53,TCP,439,839,2,4,r2l
37.100.53.32,81.102.120.221,43878,13411,UDP,1355,977,5,9,normal
130.205.165.50,114.184.247.182,25996,11509,UDP,1004,161,1,16,normal
105.251.61.201,51.10.30.12,27894,80,UDP,779,908,14,29,probe
124.44.84.142,113.3.192.58,17400,443,TCP,513,1867,14,23,normal
138.64.77.80,177.186.29.21,4007,22,TCP,458,2118,8,30,normal
220.42.133.102,44.31.180.28,40458,22,TCP,755,485,13,19,normal
57.10.98.79,109.8.25.112,7950,5666,TCP,403,723,1,10,normal
170.228.159.177,181.131.166.34,64930,22,UDP,1007,2503,16,5,normal
163.66.158.51,87.23.152.120,3043,443,ICMP,574,2217,17,27,dos
113.99.116.87,196.142.192.115,40483,49264,ICMP,688,1081,9,9,normal
182.102.59.13,84.252.77.37,12190,443,TCP,1028,2219,20,29,normal
39.60.79.243,39.225.26.42,23611,22,UDP,915,2441,7,14,r2l
123.162.239.82,7.195.113.145,13936,443,UDP,222,2060,10,27,normal
24.41.117.104,20.89.253.52,42309,22,TCP,351,1680,14,18,normal
88.68.186.133,159.102.0.192,54905,22,UDP,837,2226,3,12,normal
29.144.24.190,171.148.93.45,6934,80,UDP,534,2607,12,27,dos
143.4.183.27,222.104.209.11,56391,21,ICMP,1300,1974,7,7,normal
142.11.202.124,89.181.130.97,51645,53,UDP,529,2552,1,13,normal
8.133.131.109,75.64.165.40,62120,53,UDP,675,2025,9,25,normal
21.84.40.100,214.244.182.142,51722,17009,UDP,917,2840,19,2,normal
174.188.23.46,119.2.100.23,7693,80,UDP,235,2988,3,7,probe
72.33.62.226,123.77.244.238,16701,22,TCP,100,1006,10,15,normal
63.132.1.48,29.16.235.32,34116,22,UDP,1264,993,12,8,normal
134.9.186.4,48.204.15.183,28531,22,ICMP,1375,2131,11,19,r2l
194.125.206.41,5.129.71.59,26185,80,TCP,583,2271,14,28,dos
146.227.190.90,199.144.220.74,5176,22,UDP,106,1364,3,19,r2l
64.200.143.46,141.187.220.8,35839,53,TCP,145,409,13,9,normal
125.88.126.36,195.176.218.192,64603,21,ICMP,530,2607,7,16,normal
113.138.90.161,32.166.31.215,60223,53,TCP,947,723,14,7,probe
147.218.239.10,62.91.15.49,19035,21,TCP,193,1564,17,14,r2l
33.156.2.197,11.9.11.141,39700,21,UDP,1090,461,6,3,normal
205.70.66.204,1.98.0.166,43911,53,ICMP,80,658,20,10,normal
60.224.160.158,173.12.55.162,18112,64489,ICMP,1193,1216,8,12,normal
99.151.1.100,117.147.87.212,27981,53,ICMP,1362,992,3,26,normal
171.59.170.180,55.231.130.116,17669,53902,ICMP,1347,2454,4,19,normal
16.80.35.211,189.250.133.204,37068,21,UDP,126,966,11,30,probe
187.62.220.216,122.30.29.16,26686,21,ICMP,523,2391,11,30,dos
185.163.46.194,111.155.29.222,61381,5895,UDP,953,2496,3,19,normal
40.13.143.15,211.152.33.105,7151,57013,ICMP,689,1463,11,7,u2r
67.107.33.94,134.10.17.33,28388,35854,UDP,1311,1196,19,30,normal
203.80.236.150,57.132.120.69,29736,80,ICMP,96,2797,7,27,normal
67.40.232.129,131.10.72.95,2406,53,ICMP,105,1785,17,14,probe
200.14.196.163,200.201.0.245,39959,53,TCP,642,1841,9,14,probe
64.212.204.161,68.121.189.221,52776,21,ICMP,81,1697,5,11,normal
33.120.222.200,143.231.58.138,21865,31773,UDP,213,1084,5,20,r2l
26.208.238.199,219.102.71.166,27593,16543,TCP,1258,1422,8,6,normal
178.194.97.156,196.237.222.162,30466,443,TCP,1027,2648,14,7,normal
187.151.243.190,118.196.85.38,55470,443,ICMP,392,2579,13,8,normal
221.122.158.82,152.145.79.118,26474,53,ICMP,374,101,15,16,normal
151.70.100.160,142.43.6.242,10096,21,UDP,663,2796,10,17,normal
128.156.71.69,222.104.202.87,48976,22,TCP,566,1000,3,7,normal
191.107.7.173,102.154.67.157,9251,21,UDP,1050,857,19,22,r2l
36.247.5.121,92.99.111.15,62565,53,ICMP,887,1256,12,8,normal
15.43.63.3,185.200.120.79,50567,22,UDP,1204,1994,9,13,dos
31.251.238.205,51.167.207.8,62646,21,UDP,1104,726,1,27,probe
197.110.186.92,169.43.171.171,64886,80,TCP,1340,166,8,13,normal
79.232.238.250,6.63.104.205,7884,53,UDP,496,1600,10,2,dos
8.37.20.78,59.188.197.102,3573,53,TCP,241,2191,18,18,normal
178.27.231.242,29.73.181.108,9658,53,ICMP,834,1453,3,10,dos
10.97.59.114,50.202.140.165,51882,22,UDP,785,1439,6,30,normal
84.129.232.137,126.9.242.35,30342,80,ICMP,577,2251,11,28,normal
80.80.13.83,190.133.244.195,48383,22,TCP,1329,1045,9,6,normal
74.156.190.14,167.242.53.241,42387,21,UDP,149,2103,1,27,probe
24.118.111.61,215.208.0.173,56733,80,ICMP,284,1016,4,13,normal
211.223.106.149,93.163.69.30,1081,53,ICMP,133,1261,8,3,normal
196.194.110.171,114.58.252.118,52872,22,ICMP,514,1388,20,28,probe
26.255.106.2,207.78.227.89,41461,53,ICMP,1034,1948,12,22,dos
151.112.68.255,39.160.251.212,43961,49302,TCP,1021,1371,16,20,normal
40.28.238.46,157.90.139.90,54026,21,TCP,252,940,10,23,normal
193.18.176.142,81.191.22.91,26855,26280,ICMP,1121,1853,11,12,normal
29.83.132.243,181.176.173.132,58815,53,ICMP,1243,1579,2,17,dos
27.123.157.53,57.52.159.233,12383,21,UDP,465,2125,12,13,normal
98.160.182.127,73.235.12.21,55995,22,UDP,141,1081,5,23,probe
190.0.108.226,210.172.218.63,6223,22,TCP,329,1131,6,4,normal
24.41.32.183,56.145.157.125,60162,30747,TCP,1268,1792,18,7,normal
88.41.4.166,122.119.215.85,65314,443,TCP,411,1164,17,4,dos
27.10.2.38,133.218.64.239,7979,443,TCP,1074,944,14,13,r2l
43.62.244.183,147.137.222.247,63454,22,ICMP,1214,2005,15,11,normal
180.49.48.186,163.197.51.50,56296,80,UDP,197,121,19,8,normal
206.193.33.43,10.61.52.196,26798,21,TCP,623,728,16,21,dos
175.91.43.252,47.133.246.36,58735,52098,UDP,435,1258,2,22,u2r
21.16.135.61,11.196.227.40,31931,13844,UDP,1303,2547,19,5,normal
114.129.42.228,28.164.187.33,38509,26098,TCP,88,897,18,16,normal
198.250.163.240,6.55.81.249,9675,21,UDP,1405,2607,16,25,probe
133.64.38.101,209.147.21.208,3070,443,ICMP,1382,83,14,3,normal
78.181.20.1,25.31.53.191,50119,22,ICMP,1092,465,8,29,r2l
209.255.134.232,165.90.255.227,14449,60190,ICMP,619,2407,14,3,normal
5.162.18.155,10.188.134.241,58614,53,TCP,73,2928,2,16,r2l
221.212.234.162,87.64.53.5,18855,21,ICMP,318,1017,9,4,r2l
91.127.37.102,57.71.217.68,47757,443,ICMP,621,2926,19,2,normal
212.116.25.222,35.253.186.118,53270,22,UDP,1348,348,1,28,normal
137.142.32.184,17.250.68.126,40575,80,TCP,243,2122,17,28,normal
89.251.172.149,55.94.206.72,36118,443,ICMP,552,1818,10,8,normal
43.96.85.137,31.84.64.150,51746,443,UDP,1393,1652,20,13,normal
12.232.217.39,63.24.110.187,47916,53,TCP,152,2457,8,26,normal
167.102.195.146,71.239.199.80,47920,443,TCP,61,2436,16,30,normal
44.178.236.38,78.25.167.232,2462,21,UDP,1114,1040,16,8,normal
175.149.194.82,128.161.175.149,28026,443,UDP,522,1636,3,22,normal
119.202.22.136,186.235.180.158,53116,80,UDP,1499,423,17,12,probe
204.14.4.97,93.14.139.211,36677,80,UDP,980,2325,20,1,u2r
149.247.57.40,211.82.239.190,45917,80,UDP,322,807,17,15,normal
9.50.250.182,1.223.102.183,7941,80,TCP,1109,530,9,28,normal
156.124.115.156,206.39.78.145,5455,31198,UDP,769,550,15,20,normal
105.169.147.97,41.13.96.195,7645,21,ICMP,1077,1850,13,8,normal
207.188.67.144,6.154.214.86,35100,21,UDP,1181,504,15,21,normal
86.76.114.151,89.166.21.29,28728,53,TCP,684,777,20,17,normal
163.112.19.79,132.172.36.92,58852,443,TCP,1051,1233,12,13,normal
119.4.253.123,132.233.5.199,12201,22,ICMP,569,2458,17,13,dos
103.250.53.90,51.235.2.136,13775,53,TCP,293,207,2,3,normal
108.151.115.249,117.145.21.206,43597,443,UDP,1438,1947,14,24,normal
28.188.170.129,133.63.52.209,22547,20348,UDP,426,1484,7,2,normal
105.100.109.111,182.14.8.74,44235,30914,UDP,1008,1645,11,13,normal
95.49.207.145,131.245.8.72,2762,40445,TCP,1326,2145,10,24,dos
128.238.166.93,135.79.136.65,48502,443,UDP,1366,1011,10,23,normal
183.186.100.191,100.139.126.24,34999,22,ICMP,974,1717,9,13,r2l
169.99.54.181,46.65.94.177,47457,29414,TCP,796,594,15,30,normal
171.173.202.124,223.181.154.30,3567,53,TCP,109,2868,11,24,normal
67.240.4.66,70.89.99.9,12195,53,ICMP,1140,882,14,9,probe
159.206.18.123,178.139.8.37,29470,80,TCP,804,944,9,10,normal
73.121.182.167,191.26.50.202,36384,22,TCP,214,2098,19,2,normal
1.143.49.32,122.146.52.122,12402,13215,UDP,111,2707,18,13,probe
83.253.247.62,108.30.194.235,12281,22,TCP,262,161,3,27,normal
136.210.209.120,190.34.27.111,52859,443,ICMP,1382,1473,13,30,normal
220.42.228.82,124.24.230.178,20070,80,ICMP,1363,2647,3,21,r2l
7.188.139.135,35.21.64.81,63218,6874,UDP,450,1769,2,5,normal
23.81.107.102,158.192.246.97,24755,80,ICMP,210,1634,8,3,normal
160.240.121.239,93.197.243.31,31136,80,UDP,708,1985,4,17,normal
171.14.245.90,53.80.226.180,5630,28226,TCP,796,1662,6,15,normal
140.1.78.203,105.86.101.195,36698,80,ICMP,873,707,20,25,normal
209.173.218.170,65.42.117.168,51039,22,TCP,693,639,2,3,normal
102.2.68.84,212.153.220.247,58584,80,ICMP,180,1006,5,26,dos
202.160.142.141,196.191.78.244,27628,22,ICMP,824,1105,5,15,normal
8.98.44.44,109.24.95.148,57767,4459,ICMP,1093,2122,16,27,normal
46.95.90.172,38.1.170.255,37655,21,TCP,155,1373,2,22,normal
94.132.33.30,92.175.98.43,15879,53,UDP,772,1361,18,28,normal
70.70.5.254,215.216.79.192,41889,80,UDP,1249,233,19,2,normal
118.87.63.90,36.140.115.80,3830,21,UDP,888,1461,9,15,normal
172.231.205.134,142.87.146.243,31413,53,ICMP,1462,860,6,24,normal
11.8.35.93,31.147.230.100,60791,22,ICMP,487,1294,11,12,normal
129.4.166.226,120.3.129.32,41561,22,UDP,1168,756,13,4,normal
126.160.194.130,125.158.215.151,44413,53,TCP,1292,1816,13,19,normal
100.138.153.25,97.222.118.134,55451,80,ICMP,683,750,1,4,normal
82.176.174.161,156.40.223.221,65300,443,UDP,564,2045,20,1,r2l
77.245.5.122,108.39.35.89,51124,22,TCP,525,302,11,12,normal
163.150.163.75,66.124.97.223,36730,22,ICMP,218,2461,10,22,normal
87.233.204.55,120.77.94.59,53702,31441,UDP,1072,2270,8,17,normal
15.244.178.246,166.185.201.240,17930,22,UDP,1142,2813,15,24,normal
135.62.169.152,73.168.12.108,18400,443,ICMP,146,2232,5,22,normal
3.69.54.190,126.8.10.126,41584,443,TCP,366,2609,19,1,normal
93.176.158.97,112.93.49.159,54734,80,TCP,1353,2157,17,7,normal
161.157.152.222,149.43.26.228,13277,80,UDP,1006,2110,4,16,probe
76.184.243.208,159.169.83.44,19057,29591,UDP,256,1738,3,13,dos
47.211.181.128,117.178.117.195,40186,80,UDP,376,940,18,12,normal
207.244.64.224,94.208.84.25,14220,53,UDP,1208,2073,9,4,normal
87.78.145.113,120.193.16.115,43994,21,TCP,477,1786,13,22,normal
78.28.40.112,125.227.31.10,38192,53,ICMP,1245,156,15,19,probe
11.27.81.243,170.63.244.27,64620,53,UDP,1110,1331,14,21,normal
60.47.43.240,166.32.17.223,64870,21,UDP,496,369,13,26,normal
112.188.73.27,178.248.193.65,18862,443,ICMP,1307,2449,17,25,normal
21.3.231.45,90.213.24.15,46790,443,TCP,311,110,9,19,normal
12.98.153.215,167.53.24.147,56209,39237,UDP,146,2407,10,4,normal
81.187.155.188,159.104.137.201,38898,22,UDP,988,982,1,25,r2l
2.18.160.75,118.164.6.163,50511,53,UDP,741,2619,17,15,probe
65.126.141.133,78.104.249.169,36418,21,ICMP,500,1251,19,30,probe
101.62.64.120,141.225.53.91,27900,1273,ICMP,1495,339,18,30,normal
96.12.17.181,57.19.69.177,59539,443,ICMP,103,2754,3,29,normal
221.216.32.220,43.87.191.187,57985,22,ICMP,259,1151,7,20,normal
112.75.119.121,175.101.39.23,39935,21,UDP,484,2074,20,28,normal
140.239.21.249,3.232.0.168,31553,21,UDP,191,2137,4,19,normal
129.113.93.86,146.64.172.200,24017,443,ICMP,1438,292,7,13,normal
9.17.130.123,112.223.104.22,17026,3069,UDP,1420,2851,10,6,normal
218.135.192.44,12.55.83.82,11384,22,TCP,715,2330,15,18,normal
71.174.192.117,131.34.168.144,7543,21,ICMP,1000,2953,3,21,normal
109.119.100.73,185.151.232.181,47119,443,TCP,688,1739,17,27,normal
178.40.8.233,87.178.136.8,58209,21,ICMP,986,1711,4,24,normal
142.240.221.214,40.155.15.121,44716,443,ICMP,1483,553,8,18,normal
210.204.110.52,31.180.33.99,18924,22,TCP,1245,2533,6,29,normal
52.85.212.234,185.7.124.89,59836,53,TCP,1188,1769,10,26,normal
144.76.29.218,148.181.206.34,29314,53,TCP,525,1832,2,11,probe
31.48.158.176,99.128.225.202,6812,443,TCP,923,1657,1,22,dos
47.109.118.78,125.184.189.93,60527,80,UDP,390,1317,12,26,normal
163.13.62.51,17.190.162.72,19203,21,ICMP,505,2364,20,15,r2l
193.226.210.87,17.239.75.164,24702,80,UDP,1209,2852,10,27,normal
103.26.201.38,33.27.80.51,65034,22,TCP,867,1783,10,17,normal
60.205.72.225,212.30.73.24,63987,60734,ICMP,664,489,6,27,u2r
214.167.6.20,46.82.244.96,17206,22,ICMP,1068,88,5,15,probe
153.62.176.235,71.139.10.55,11399,53,UDP,326,2293,7,18,normal
87.106.246.190,9.2.148.0,26119,80,ICMP,95,1201,13,15,normal
208.161.106.100,98.199.53.210,60378,80,TCP,1354,1178,15,12,normal
110.222.10.90,97.191.96.101,5269,4088,UDP,746,1893,9,16,r2l
77.181.95.95,44.7.105.181,43925,21,UDP,1255,2605,13,12,normal
50.216.150.253,117.156.214.222,55705,14103,TCP,830,381,11,24,normal
8.137.40.169,112.70.251.138,43054,22,UDP,167,2492,2,9,normal
117.167.225.22,64.215.235.208,6914,21,TCP,110,1658,11,10,normal
6.208.164.250,21.77.234.194,38266,53,ICMP,367,271,8,30,normal
82.72.140.117,9.240.83.32,50233,21,ICMP,238,2275,18,22,normal
131.245.96.174,27.94.83.74,19539,22,TCP,1205,1459,11,29,normal
87.150.199.164,35.95.41.240,12069,80,ICMP,542,1547,11,25,normal
12.102.113.198,117.126.15.232,38498,22,UDP,433,984,3,17,dos
179.127.206.160,13.137.1.211,28154,21,TCP,1024,68,4,13,normal
112.11.115.148,21.91.166.151,56102,443,TCP,731,2893,5,15,normal
135.225.156.82,172.66.171.135,64345,21,TCP,1319,2607,13,20,dos
135.82.40.81,118.200.121.11,50017,22,UDP,1446,2876,9,23,normal
128.26.121.15,92.131.118.252,61270,12336,ICMP,248,2335,5,3,normal
64.66.109.18,60.15.240.222,50863,443,ICMP,887,1981,16,6,probe
61.80.192.181,75.106.125.158,50628,21,ICMP,1154,464,11,18,normal
91.93.212.150,193.80.217.235,23596,26439,UDP,376,2178,10,23,normal
130.15.22.23,188.51.135.220,5324,443,UDP,1221,1285,12,27,normal
12.17.116.67,30.243.254.167,1456,22,TCP,834,1414,11,24,normal
122.145.241.50,136.63.249.133,50767,19289,ICMP,1214,2673,9,30,normal
121.247.159.219,189.245.245.113,51680,443,TCP,1075,803,17,4,normal
3.135.115.149,117.239.89.248,30916,443,TCP,1286,433,19,19,normal
73.72.77.77,62.95.255.71,33144,443,TCP,1193,1454,16,23,normal
19.247.141.75,66.128.80.78,47291,22,UDP,253,1029,12,18,u2r
146.238.229.185,75.191.2.128,57046,2040,UDP,849,1917,11,12,normal
170.159.141.130,56.244.77.58,64690,19669,UDP,895,74,15,3,normal
87.120.143.63,6.238.178.209,19344,21,ICMP,945,1482,20,16,normal
216.119.208.75,48.67.51.2,5033,23650,UDP,1048,1670,13,9,probe
119.76.4.129,109.234.140.200,4949,22,TCP,99,1342,15,27,r2l
95.114.33.251,204.99.105.117,42056,60233,TCP,1127,1438,19,4,dos
190.208.167.202,55.119.119.124,60798,22,ICMP,655,1552,18,12,u2r
195.17.13.158,216.38.34.94,60546,80,UDP,1045,414,13,5,probe
113.185.67.4,138.145.89.18,18128,53,UDP,611,2605,18,19,normal
8.123.95.182,31.75.140.118,5660,80,ICMP,483,1565,16,19,normal
68.38.193.216,197.93.70.66,40450,80,TCP,1248,708,15,16,normal
135.165.75.155,28.75.152.42,7962,53,UDP,812,2590,14,12,u2r
116.24.238.45,49.3.104.245,30032,53,UDP,608,2616,7,29,normal
52.49.182.30,81.54.71.250,17439,11154,UDP,1022,2570,4,11,normal
188.155.169.57,61.136.78.236,54719,53,ICMP,1187,2830,16,24,probe
75.244.1.107,5.66.3.21,25867,22,ICMP,975,1104,6,21,normal
36.213.31.153,202.97.212.21,26944,80,ICMP,262,2080,4,21,normal
191.190.164.130,153.22.3.253,46356,443,ICMP,837,545,7,30,normal
54.19.239.55,177.77.159.192,39307,443,TCP,1167,2268,16,14,normal
150.50.221.188,1.225.64.228,33408,22,ICMP,97,2005,9,16,normal
45.84.237.204,176.84.69.133,12971,53,ICMP,753,2539,17,17,normal
162.33.3.250,75.136.135.161,36832,53,ICMP,129,801,17,27,u2r
176.93.155.211,41.36.227.159,37661,443,TCP,776,132,19,26,normal
92.26.12.44,139.250.41.128,57846,21,ICMP,1024,925,8,12,normal
193.167.13.164,195.222.132.215,2161,13345,ICMP,1064,332,1,29,normal
29.243.140.243,154.108.85.165,41485,443,UDP,284,2639,7,25,normal
31.212.144.149,80.207.113.95,39042,80,UDP,1183,1089,1,30,normal
3.69.137.64,76.98.37.70,20078,80,UDP,716,2925,20,28,normal
82.125.166.120,188.212.50.2,11353,36256,TCP,470,944,18,26,r2l
24.72.142.8,153.77.127.41,9772,80,ICMP,1319,2783,19,2,r2l
178.203.153.89,176.30.236.138,52563,22,UDP,173,1057,10,25,normal
112.220.242.117,196.10.199.7,62526,53,UDP,1259,1691,16,17,r2l
139.70.6.128,71.217.114.110,15238,53,UDP,899,1974,6,5,normal
26.231.166.106,27.78.208.109,55579,21,UDP,135,1515,4,18,normal
83.105.186.141,75.74.245.127,27697,38047,UDP,924,1888,5,3,normal
105.255.166.135,113.130.14.165,36240,443,ICMP,1418,2495,6,22,u2r
84.25.105.89,128.35.228.105,31035,443,UDP,525,2925,6,14,dos
186.139.191.251,35.185.88.8,12818,56794,UDP,1239,978,12,15,normal
174.89.219.81,213.4.226.139,12291,80,ICMP,70,887,18,16,normal
7.97.183.203,193.147.57.206,13863,22,ICMP,1268,1077,12,17,normal
54.32.216.229,27.98.116.7,27917,53,UDP,1044,2315,16,7,normal
130.94.163.242,83.90.241.132,55939,22,UDP,315,2632,13,9,normal
17.135.140.16,20.211.42.24,33912,80,TCP,1005,1658,6,14,probe
52.159.39.167,64.135.254.193,35558,14077,ICMP,1208,312,4,30,probe
165.165.243.133,69.156.22.196,61570,53,UDP,136,2073,10,13,normal
49.30.5.178,187.28.65.107,24900,22,TCP,707,166,9,2,normal
215.183.224.73,46.81.118.9,55388,32022,TCP,617,195,1,12,r2l
153.189.124.188,91.238.114.129,24489,21,TCP,432,761,14,10,probe
105.165.4.125,189.152.91.77,51109,443,ICMP,429,2070,5,17,probe
189.137.241.116,25.190.249.35,32129,443,TCP,591,2408,18,19,normal
180.6.164.145,210.118.138.67,63919,22,TCP,458,2248,12,22,normal
107.254.132.173,213.229.226.210,17161,80,TCP,663,183,17,9,normal
135.13.234.235,16.180.24.207,18856,443,ICMP,406,1095,2,13,normal
55.51.241.239,116.2.127.171,28536,22,UDP,613,1736,18,2,u2r
154.234.12.125,82.64.124.61,56998,21,TCP,1288,213,17,12,u2r
198.86.96.33,130.9.123.147,58868,21,UDP,285,523,10,28,normal
210.8.102.82,109.150.48.247,63760,443,TCP,84,1209,4,19,normal
168.111.113.149,206.160.94.29,40262,53,UDP,84,816,12,3,normal
134.164.89.107,203.176.199.58,53532,53,UDP,414,1792,19,26,normal
88.59.198.184,10.192.194.47,28879,443,TCP,1370,164,12,15,dos
133.216.31.181,1.85.15.247,62107,22,TCP,675,625,5,19,normal
121.95.131.30,204.219.76.137,43457,80,ICMP,867,2618,19,28,normal
154.46.96.240,38.56.73.70,6493,22,UDP,873,1204,2,27,normal
28.49.70.195,151.229.150.15,36995,53,TCP,79,2302,10,19,normal
217.166.124.34,168.83.5.250,32736,21,ICMP,307,2844,18,26,normal
78.214.94.116,60.30.4.38,21495,22,TCP,598,2477,17,4,dos
97.24.3.136,11.207.160.212,64180,50466,UDP,826,2217,14,7,normal
201.142.225.76,73.153.53.240,1493,443,UDP,520,1557,12,15,probe
25.154.138.75,171.220.70.225,50038,21,TCP,1331,1103,19,3,normal
201.105.213.248,154.176.148.65,8112,21,TCP,480,89,13,26,normal
209.228.178.82,208.56.179.77,27898,41287,ICMP,1098,2059,3,27,dos
212.94.238.83,55.117.168.217,8519,21931,TCP,1376,2684,4,21,dos
193.65.253.1,17.130.238.125,47480,80,UDP,591,2615,4,7,normal
26.196.68.59,222.30.52.11,18010,22,UDP,1166,2644,17,7,probe
5.44.64.118,214.63.6.6,11434,61381,ICMP,702,1323,14,21,u2r
209.57.115.123,223.135.85.72,9903,51038,UDP,249,1159,10,21,r2l
20.69.58.168,64.57.225.234,26120,53,ICMP,447,567,10,26,normal
10.149.186.180,141.179.190.11,62657,443,ICMP,1118,2358,6,13,normal
189.9.208.110,1.50.202.233,21753,80,UDP,325,2730,14,1,normal
174.52.2.52,102.117.225.41,43120,22,ICMP,770,2205,14,9,normal
103.231.68.93,153.84.209.57,16476,21,TCP,1250,530,16,11,probe
216.20.65.52,102.15.197.230,4995,443,UDP,601,2588,19,30,u2r
168.148.139.154,86.99.52.254,44927,22,ICMP,985,83,7,8,normal
185.150.42.233,48.200.142.123,22795,443,TCP,1159,341,10,23,dos
16.168.149.222,80.149.129.129,11095,22,TCP,236,1399,13,18,normal
14.252.158.18,47.153.143.175,8981,21,ICMP,590,1667,4,17,normal
222.74.35.254,165.164.253.98,27153,443,TCP,1196,2101,7,5,u2r
89.214.170.35,104.197.179.136,3302,80,ICMP,697,663,8,18,normal
131.174.162.191,8.217.47.255,4336,53,UDP,863,2950,5,29,normal
59.128.4.202,197.0.177.194,53051,80,UDP,150,1718,16,9,probe
112.8.106.232,28.44.107.245,13206,443,ICMP,1001,1084,12,18,normal
59.1.164.224,112.116.40.115,63920,80,UDP,913,1658,20,19,normal
171.68.157.32,23.214.150.218,4261,443,UDP,305,1897,10,21,probe
210.67.3.188,185.244.10.145,26869,80,ICMP,458,2853,16,1,normal
150.186.173.155,103.129.181.65,10816,53,ICMP,205,1542,13,15,normal
195.127.153.128,113.106.32.158,20571,52276,UDP,1030,1540,4,12,normal
191.31.151.68,105.7.240.67,21341,443,UDP,928,1420,3,6,normal
115.80.37.60,24.234.171.72,33047,80,UDP,645,331,20,2,normal
17.177.91.175,25.46.236.102,27822,21,UDP,403,719,3,11,dos
54.58.6.189,201.144.65.191,58898,53,TCP,147,2388,17,21,normal
29.92.241.217,116.54.152.254,45138,11873,TCP,1139,1994,5,21,normal
211.243.57.106,98.161.155.143,46014,53,ICMP,1039,1979,19,21,normal
166.138.82.236,120.199.61.35,21096,443,UDP,195,2809,18,17,normal
41.116.136.5,205.161.123.148,52644,22,ICMP,1430,1879,6,16,probe
105.180.180.65,89.89.9.83,34310,22863,TCP,550,893,10,21,normal
215.109.125.196,79.241.73.202,4139,443,UDP,228,871,15,15,normal
23.18.90.15,156.92.190.123,47542,22,UDP,1145,1627,17,17,probe
218.0.190.214,141.241.12.50,17060,53,ICMP,1020,604,17,26,normal
167.193.241.78,143.8.29.93,38141,49177,TCP,661,796,15,3,normal
13.57.57.155,165.85.37.242,15277,80,UDP,850,202,9,5,probe
59.235.148.219,121.60.103.204,1171,443,UDP,1182,2634,9,20,dos
151.141.240.57,194.209.208.60,12884,21,UDP,463,2558,18,8,normal
94.164.101.27,20.30.179.67,39577,443,TCP,640,1074,12,10,normal
51.169.237.32,146.76.212.51,14419,53,ICMP,701,2273,12,1,dos
65.217.120.228,183.244.225.99,56573,21,UDP,990,1313,9,8,u2r
186.83.215.224,62.126.106.80,54722,53,ICMP,163,2178,16,25,normal
77.249.86.83,87.250.234.131,16155,22,ICMP,1489,1935,15,1,normal
102.3.214.153,89.114.153.143,28148,53,TCP,323,1105,14,16,normal
94.14.91.25,64.209.72.205,58174,21,TCP,1143,2011,8,29,normal
33.166.176.56,120.186.239.200,63995,53,UDP,1395,1764,1,9,normal
116.38.0.124,113.66.88.90,40655,443,TCP,764,1222,9,22,normal
7.92.243.14,168.188.130.89,28253,53,TCP,495,2909,18,18,dos
109.145.57.198,60.64.39.139,62549,21,UDP,443,976,12,24,normal
133.141.28.63,181.4.112.155,15630,53,ICMP,78,2928,19,4,normal
124.184.65.43,116.71.85.156,60824,443,UDP,440,1128,14,12,normal
58.52.248.190,99.209.251.80,63795,53,UDP,729,157,17,16,probe
173.44.242.7,157.3.227.19,40634,22,UDP,935,752,20,14,u2r
80.202.135.11,49.76.20.246,45494,80,ICMP,583,2747,16,9,normal
55.38.185.89,217.22.59.112,57637,47210,UDP,1494,917,4,18,r2l
202.3.31.80,4.238.105.168,65159,53,ICMP,925,901,12,4,normal
1.252.96.211,72.190.104.248,46884,80,ICMP,1414,1572,13,11,normal
134.51.151.15,56.146.92.197,29015,36094,TCP,1075,982,18,21,normal
176.102.222.233,185.177.113.178,11611,80,TCP,251,718,9,10,u2r
192.243.201.21,42.117.34.83,23240,20761,ICMP,221,640,10,10,normal
191.102.88.29,23.29.66.90,35717,53,ICMP,966,2335,10,21,probe
81.207.191.136,167.202.160.110,23175,21,UDP,296,860,20,3,probe
180.207.195.54,221.92.39.98,53118,54763,TCP,1467,2950,5,13,normal
141.43.119.223,19.238.191.191,33965,7425,UDP,227,1808,18,24,normal
175.158.71.153,13.207.234.117,28502,443,UDP,752,2831,20,6,normal
181.182.85.209,174.12.183.132,52420,21,TCP,558,1096,10,13,normal
184.230.66.144,164.212.126.199,19045,17217,ICMP,1499,2616,12,28,normal
123.66.177.229,116.25.5.33,44496,443,ICMP,536,1371,18,1,probe
173.26.97.76,5.105.27.201,26724,80,ICMP,1005,2081,8,13,normal
162.26.83.8,181.146.1.79,7766,52304,ICMP,1021,1977,3,23,dos
8.214.187.29,82.13.184.207,28268,80,TCP,667,758,7,6,probe
130.161.166.6,128.252.233.121,8957,443,UDP,1418,2421,13,24,normal
34.49.201.1,33.79.197.107,1281,443,ICMP,899,882,12,7,u2r
223.70.143.59,137.0.234.182,12133,22,UDP,977,2817,13,2,normal
96.72.229.37,220.219.101.77,13354,80,ICMP,356,598,19,5,probe
33.135.105.233,93.89.75.175,19245,53,UDP,223,133,15,16,normal
198.44.119.86,113.159.155.97,27870,53,ICMP,189,1054,2,29,normal
105.101.112.120,203.150.65.237,48289,22,TCP,992,1938,1,9,dos
122.36.100.184,161.33.5.18,5682,22,UDP,1101,1634,16,1,probe
106.133.78.30,38.223.246.10,32953,22,TCP,466,2257,7,7,probe
152.78.96.9,83.183.203.88,35437,53,ICMP,1242,131,9,7,probe
62.184.189.100,10.117.123.163,8771,22,UDP,1476,168,6,17,dos
34.186.128.206,199.68.24.81,56743,80,ICMP,298,459,9,21,dos
145.22.223.106,129.108.63.184,14025,21,UDP,1338,2663,10,15,dos
32.5.208.203,139.193.168.24,45929,80,ICMP,457,2160,11,5,normal
199.73.49.32,191.90.16.102,36146,21,ICMP,757,1960,18,14,normal
56.225.250.210,128.88.191.213,61009,443,TCP,418,1573,7,23,normal
156.244.79.140,159.81.130.127,19841,14780,UDP,973,2913,15,10,dos
119.120.6.148,67.3.160.117,13862,50481,UDP,719,2268,2,25,probe
217.245.109.157,44.213.4.92,48647,443,TCP,124,313,17,13,normal
132.153.65.119,132.245.86.179,47500,53,ICMP,413,2946,8,9,probe
223.162.215.151,155.200.178.223,35325,80,UDP,1386,96,1,13,normal
130.122.95.146,211.201.220.165,5690,80,ICMP,1342,166,16,10,normal
67.195.185.145,222.63.4.13,34997,22,ICMP,809,1197,19,16,probe
186.53.144.43,145.120.123.30,6814,443,UDP,1332,179,13,25,dos
49.230.74.172,82.194.23.106,32126,53,UDP,1173,2807,4,25,normal
194.53.217.100,217.98.255.150,31901,23133,ICMP,1203,2094,7,9,probe
179.219.131.158,151.72.125.230,60458,38632,UDP,993,471,9,19,probe
48.209.15.110,205.161.156.8,8538,21,ICMP,277,1265,11,17,normal
40.219.211.232,117.87.67.225,63303,22,ICMP,1382,288,8,30,normal
62.127.62.115,50.99.249.114,24457,53,ICMP,1370,202,6,9,probe
115.150.116.30,131.216.113.151,36037,36915,ICMP,980,776,19,13,normal
147.202.137.29,119.186.55.118,61011,21,TCP,557,2457,15,26,normal
38.164.236.39,3.108.26.35,13450,443,UDP,777,1702,12,12,normal
13.72.189.139,85.101.130.141,37748,22960,ICMP,403,2374,3,12,normal
111.252.255.167,103.184.28.3,20733,21,TCP,663,1172,2,30,normal
94.200.105.190,129.192.40.197,64482,21,ICMP,1103,817,14,12,normal
143.138.85.7,160.249.138.162,7306,53,TCP,77,502,7,12,normal
190.93.233.157,104.106.163.117,60788,53,UDP,1004,360,7,19,normal
17.52.164.14,221.57.225.200,52339,12604,UDP,167,2042,6,21,normal
71.101.62.31,57.252.4.37,15783,443,UDP,1444,534,7,14,normal
1.119.61.88,45.210.59.53,8988,53,UDP,992,1236,16,5,normal
14.137.158.196,69.51.135.173,64764,443,UDP,814,2029,20,26,normal
204.255.22.209,33.41.130.96,14201,21,TCP,564,2913,15,7,normal
104.49.173.222,13.71.12.86,48717,80,ICMP,1430,2279,2,12,normal
103.185.113.185,26.77.26.20,44240,22,UDP,1302,101,5,3,normal
120.238.170.63,195.8.109.91,1448,22,UDP,627,1487,17,5,probe
110.126.118.80,140.189.103.198,47170,37724,UDP,1478,2410,6,7,probe
173.225.164.120,107.151.2.64,32426,54428,UDP,1347,1335,20,28,normal
88.190.38.141,64.219.40.110,17949,22105,UDP,325,1123,14,28,normal
113.62.235.55,206.221.42.125,40320,80,ICMP,175,848,1,28,normal
101.7.173.38,92.248.181.177,7805,21,UDP,581,2011,7,14,normal
214.134.84.249,186.46.247.141,46381,21,ICMP,587,960,9,27,normal
181.185.49.18,49.133.36.148,44818,21,ICMP,644,1572,9,17,normal
91.161.154.135,162.72.228.164,26095,53,ICMP,368,296,3,9,normal
146.27.210.64,176.221.242.75,41020,21,TCP,553,1985,18,16,normal
136.64.82.222,186.220.169.64,3649,22,ICMP,1130,735,9,19,normal
70.77.54.134,141.233.75.49,40289,80,TCP,1447,2420,5,6,normal
129.96.12.188,83.50.180.62,53516,33319,ICMP,656,2536,1,14,normal
125.73.232.154,161.248.78.11,49955,21,TCP,1306,1324,5,29,normal
220.154.110.69,64.93.226.248,53370,80,ICMP,386,446,8,12,normal
132.60.255.99,218.53.185.20,24308,22,TCP,1074,1565,19,5,normal
166.119.49.52,96.254.209.28,58486,21,ICMP,136,1990,11,2,u2r
174.176.23.155,38.186.210.109,16023,443,UDP,172,2666,3,3,normal
144.148.70.92,116.21.35.229,12185,443,TCP,514,1374,7,3,normal
101.191.239.193,196.199.88.5,60900,53,TCP,281,1912,1,27,probe
1.249.112.39,176.11.33.193,54486,53,ICMP,669,1513,4,13,normal
7.29.2.119,85.183.213.153,30971,80,UDP,385,2972,14,15,normal
202.193.26.9,165.32.234.104,9599,443,ICMP,453,1300,8,14,normal
59.208.178.9,22.151.69.188,14343,22,ICMP,1252,1331,4,12,normal
132.243.225.129,208.90.222.206,10747,443,TCP,1391,404,4,13,normal
61.218.82.88,120.214.85.4,12537,53,UDP,1144,1511,18,19,normal
138.122.217.52,124.104.194.248,55758,80,TCP,710,2954,14,10,dos
115.242.240.15,213.210.68.226,10222,4318,ICMP,827,2243,9,28,normal
198.31.144.86,10.53.252.107,54275,15531,TCP,847,2298,5,23,normal
28.197.231.118,202.123.30.228,20555,53,ICMP,102,2899,2,7,normal
145.150.204.73,115.113.189.201,13392,17145,UDP,535,166,17,28,normal
24.182.254.14,85.212.181.245,48710,80,ICMP,370,2503,19,26,normal
55.236.122.1,120.184.233.174,65400,80,TCP,600,2888,16,30,normal
52.183.208.167,113.217.182.66,10105,53,ICMP,347,1239,12,7,normal
106.245.57.31,214.121.164.27,16718,22,ICMP,167,1727,5,28,normal
47.198.97.95,33.27.235.155,60378,22,TCP,563,471,9,10,normal
90.96.49.216,86.121.125.78,58539,80,TCP,742,2686,19,20,normal
173.174.112.39,77.35.140.170,4350,21,TCP,1487,74,18,4,normal
4.27.5.22,208.132.61.199,52309,80,UDP,140,2370,9,9,normal
2.68.230.167,78.165.39.83,37930,1862,ICMP,1130,998,15,29,normal
161.207.49.99,115.70.156.67,8036,14453,UDP,851,1034,8,26,normal
64.146.3.91,134.146.58.98,17550,22,TCP,653,1740,11,7,normal
3.5.110.132,83.66.33.129,64084,55830,TCP,1316,635,8,4,normal
102.44.90.244,176.225.69.253,17097,80,UDP,1140,1042,16,20,normal
130.157.9.74,146.162.42.112,23814,53,TCP,355,2633,4,17,probe
16.229.209.40,26.20.5.50,22756,80,TCP,880,1292,7,18,dos
80.197.103.115,188.38.226.102,33854,21,UDP,753,740,19,13,normal
173.236.111.108,47.221.150.196,4647,80,UDP,1133,487,2,23,probe
51.27.4.87,14.20.56.81,41278,53,ICMP,920,926,1,28,normal
186.252.101.8,97.41.57.46,21994,443,ICMP,908,1719,13,4,normal
158.174.153.227,93.245.8.152,20343,443,UDP,1080,2311,18,26,normal
114.16.209.99,18.105.28.109,32961,80,TCP,107,2825,12,25,normal
38.0.199.152,123.62.223.223,56425,21,TCP,1218,1529,16,26,normal
48.127.58.181,43.164.173.146,55343,443,TCP,1420,257,19,14,normal
102.67.43.80,220.15.27.182,2042,53,ICMP,765,1667,19,2,normal
206.44.20.248,34.69.56.170,55270,22,ICMP,1331,1395,14,25,normal
189.184.147.65,156.2.241.20,10614,21,ICMP,1356,1535,1,16,normal
88.253.228.139,132.26.142.88,20279,22,TCP,801,2670,2,28,normal
25.177.131.225,92.8.202.96,36588,56936,TCP,1210,1492,7,13,probe
47.149.237.223,135.25.176.128,48924,21,UDP,373,1432,5,29,normal
57.11.169.26,102.120.194.42,14209,21,TCP,139,622,12,4,dos
174.231.9.124,72.204.191.172,61174,22,TCP,568,430,20,14,r2l
221.39.15.187,199.52.216.86,13874,22,ICMP,1372,1622,16,28,normal
114.95.6.40,97.218.32.64,14301,443,ICMP,300,507,1,28,r2l
93.19.53.2,16.28.207.222,57433,53,UDP,407,2769,18,19,normal
53.35.19.239,217.1.236.44,5896,80,UDP,595,2664,8,4,dos
57.220.215.71,223.67.81.4,21681,443,ICMP,80,2060,9,11,probe
8.213.46.134,112.52.28.14,22993,80,ICMP,1068,1736,1,30,normal
163.173.165.244,73.211.247.249,44125,22,UDP,1485,1238,3,29,normal
144.70.11.248,121.241.159.20,1264,443,UDP,219,2857,11,6,normal
83.32.82.24,149.250.82.79,2968,53,TCP,244,658,5,7,dos
122.153.86.89,5.85.59.198,38144,80,ICMP,732,2692,14,11,dos
150.255.30.226,201.39.41.105,62622,21,ICMP,338,2700,11,22,normal
59.50.51.181,29.24.192.64,6044,80,TCP,214,2483,8,29,normal
173.71.1.126,50.140.219.10,35456,21,TCP,179,1624,7,30,normal
79.206.101.8,200.156.54.188,45977,443,UDP,271,2740,9,7,normal
64.28.189.236,3.35.224.210,10074,443,UDP,1401,2164,18,18,normal
6.174.154.74,160.107.234.17,27183,53200,ICMP,470,999,8,8,normal
216.132.84.253,61.157.180.203,9515,15597,UDP,911,1772,18,26,normal
160.175.61.140,139.115.117.4,36099,443,TCP,1420,341,5,16,normal
192.168.165.199,162.14.191.108,30715,80,TCP,456,1148,7,28,normal
107.210.102.237,202.90.160.85,14535,21,TCP,1498,2828,17,7,normal
168.242.191.49,92.159.126.183,59034,18772,UDP,1451,1691,4,24,normal
42.209.50.119,154.253.178.132,56900,30550,ICMP,1082,2949,17,20,normal
176.222.151.205,191.22.121.87,46000,53,ICMP,824,396,5,21,dos
34.144.210.224,46.37.56.244,46755,80,TCP,1154,598,6,4,u2r
198.83.207.190,207.36.95.48,43039,22,TCP,617,291,5,7,normal
170.251.61.114,35.78.237.168,7710,22,ICMP,780,1785,18,13,normal
44.78.82.0,123.96.99.117,38049,80,ICMP,1028,1754,16,13,normal
61.249.253.247,46.68.137.138,64295,47120,TCP,949,1700,7,28,u2r
169.107.59.32,205.65.106.38,51260,80,ICMP,341,2984,12,10,normal
52.74.248.146,99.155.73.219,55497,80,UDP,672,567,18,17,normal
125.246.41.99,19.81.22.207,7669,21,UDP,1208,181,12,30,dos
189.216.46.113,103.20.221.148,22500,21,TCP,651,2467,2,15,normal
122.148.22.173,21.47.126.36,21447,62668,UDP,124,635,6,22,normal
41.65.141.187,193.145.240.168,57539,21,ICMP,1453,355,18,13,normal
7.223.98.75,13.3.112.125,48354,443,ICMP,646,1364,16,10,dos
105.204.203.115,162.189.42.242,53721,443,TCP,275,2285,2,13,normal
145.196.104.111,43.41.220.23,62651,53,UDP,1203,2158,19,17,normal
161.193.207.93,151.183.179.159,64756,53,ICMP,842,2059,11,5,normal
103.174.82.168,9.48.166.125,32268,53,TCP,114,2632,1,13,normal
106.161.219.28,136.237.254.182,60388,14410,UDP,317,758,8,15,normal
165.134.161.35,20.252.208.104,9672,53,ICMP,1262,2411,20,3,normal
45.200.15.131,154.96.141.144,20456,53,TCP,767,2966,13,20,normal
155.120.3.72,77.75.254.211,61048,443,ICMP,1310,2342,4,28,normal
9.165.166.172,103.205.35.135,31800,443,TCP,364,2817,18,13,normal
100.192.5.168,61.254.203.85,45779,443,UDP,1463,1144,1,11,normal
73.236.149.159,166.100.223.168,32303,22,ICMP,614,1359,12,17,normal
217.111.181.123,66.242.212.207,16902,47425,ICMP,143,110,7,18,normal
215.209.10.17,218.190.16.15,45629,22,UDP,903,679,20,8,normal
103.191.48.63,120.17.92.80,53652,22,UDP,384,2723,5,14,normal
55.40.157.248,93.40.106.67,44130,46874,UDP,465,1335,17,23,dos
191.46.29.248,7.25.84.73,6107,80,UDP,1289,602,3,22,normal
96.48.142.156,19.76.122.191,25661,80,ICMP,819,180,16,26,dos
45.108.31.185,82.29.73.96,64772,31293,ICMP,1336,193,13,20,normal
152.46.0.53,10.114.182.155,2254,80,UDP,1216,1832,1,16,normal
220.35.158.116,221.239.90.226,15453,53,TCP,66,1376,14,13,normal
43.176.192.182,128.144.192.50,52846,80,TCP,448,2158,11,22,dos
143.115.220.123,91.230.158.212,10448,22,ICMP,419,2736,2,9,normal
47.2.82.183,177.95.12.30,13348,443,TCP,1395,1849,16,20,normal
10.249.75.236,152.236.66.116,33122,30821,ICMP,687,1217,19,1,probe
52.125.76.200,66.77.179.192,58021,21,UDP,1299,290,11,3,normal
3.3.32.247,220.21.127.183,62524,22,ICMP,786,531,9,26,normal
150.151.159.68,221.38.224.182,53200,53,ICMP,166,1972,6,20,normal
21.79.162.143,214.184.229.35,3235,443,TCP,788,1218,17,4,normal
172.193.125.2,73.127.197.22,12199,21,UDP,1217,590,13,2,r2l
44.201.57.239,163.132.42.20,29757,80,ICMP,564,2812,17,9,normal
157.191.181.101,161.97.31.121,56570,443,UDP,948,1608,16,24,normal
181.20.91.159,220.95.36.4,30505,21,UDP,231,2727,8,24,r2l
107.147.101.126,113.112.243.160,30089,53,UDP,1230,812,16,14,dos
174.11.243.106,201.249.0.202,39262,443,TCP,1323,2908,7,9,normal
24.23.200.53,163.8.171.241,32556,443,ICMP,512,1235,17,5,normal
142.99.33.44,60.76.109.72,23116,22,ICMP,872,996,2,16,normal
54.239.237.104,222.5.199.41,43987,443,TCP,320,1211,12,23,normal
36.244.251.214,93.112.2.82,32009,21,ICMP,712,2646,2,17,normal
130.192.248.88,61.212.107.228,13335,21,UDP,666,1604,17,6,normal
115.117.239.218,46.153.219.36,49936,443,ICMP,796,373,8,4,normal
189.101.57.5,97.219.191.59,34362,3378,TCP,327,439,20,28,normal
85.5.76.205,192.222.131.24,20455,22,TCP,196,400,17,11,normal
95.250.155.184,98.168.211.154,55058,17153,ICMP,1416,1647,9,28,dos
158.154.54.165,183.129.139.204,63622,80,ICMP,547,1470,20,28,u2r
67.74.71.145,136.151.69.139,14668,31010,ICMP,1102,2524,19,2,normal
34.2.7.105,144.57.98.66,8149,21,ICMP,1130,74,15,14,normal
139.212.37.103,34.11.101.179,64579,22,TCP,1380,2609,2,26,normal
84.221.110.8,35.51.40.105,39478,21,ICMP,1221,190,10,23,normal
199.100.227.194,141.62.234.64,37952,63728,TCP,65,226,1,7,dos
132.102.96.6,97.145.170.177,38813,80,ICMP,424,925,11,5,normal
37.100.19.204,155.31.24.163,40979,21,TCP,1240,1179,18,4,normal
47.11.161.100,202.125.103.135,49950,443,UDP,254,2628,19,21,normal
100.201.118.100,80.23.200.134,16503,22,ICMP,406,1184,14,6,u2r
76.92.52.41,174.115.14.125,39337,443,ICMP,94,226,18,13,normal
178.95.96.181,12.234.121.160,65090,22,TCP,1171,104,7,5,normal
90.185.118.255,26.226.147.224,64133,80,UDP,651,70,19,10,normal
118.155.6.52,195.66.3.197,12555,53901,ICMP,453,1290,15,11,normal
130.219.66.141,62.235.40.231,41956,80,UDP,1256,2544,12,4,normal
44.215.93.135,84.220.45.179,46775,53,ICMP,125,2917,17,2,normal
168.89.76.36,128.162.245.205,45164,80,TCP,628,380,18,27,normal
131.203.49.144,210.236.199.161,20067,21,TCP,63,345,2,22,dos
28.223.144.200,130.67.145.117,33264,80,TCP,885,890,15,6,normal
153.131.106.110,74.42.67.216,34522,22,TCP,692,861,10,3,u2r
118.32.222.165,165.156.144.236,48163,61396,TCP,513,1513,9,29,normal
130.238.83.18,91.243.165.142,64860,443,UDP,1135,1156,9,11,normal
6.131.152.215,169.178.168.188,1211,22,UDP,1350,107,8,20,normal
59.2.244.24,70.67.152.105,60139,22,UDP,644,2485,5,13,r2l
63.241.70.198,109.88.110.162,28206,443,UDP,1297,2664,18,6,normal
61.118.47.91,113.114.47.165,2089,21,TCP,552,2161,18,23,probe
188.252.128.101,70.78.101.217,12107,80,TCP,912,502,16,9,normal
68.39.181.2,156.153.218.11,9249,21,ICMP,1307,1784,19,25,normal
39.36.76.124,171.39.104.83,47834,443,TCP,1043,1900,5,27,normal
151.212.159.6,18.237.48.46,41466,22,TCP,900,2645,7,23,normal
122.53.128.42,132.197.96.218,49437,21,UDP,309,2626,13,3,normal
157.49.31.141,161.159.199.36,9162,80,TCP,1128,2778,11,2,normal
143.76.62.130,184.152.212.28,13223,53,ICMP,350,696,14,28,normal
138.114.29.144,147.236.159.95,57864,22,UDP,1035,2082,6,10,r2l
181.148.77.5,61.131.211.61,9838,22,UDP,507,1249,3,14,normal
211.20.88.1,153.21.110.42,57415,53,TCP,736,290,8,28,normal
107.84.8.236,64.180.76.158,7862,22,UDP,887,494,7,17,normal
15.244.215.195,53.147.170.2,52848,80,ICMP,818,2014,2,23,normal
206.172.64.15,87.213.211.104,19713,22,ICMP,1051,2212,5,19,normal
191.152.59.205,168.74.247.192,43047,80,ICMP,228,848,1,20,normal
99.110.177.44,63.165.181.211,6895,443,ICMP,1270,137,14,18,normal
15.3.250.162,158.235.202.110,28080,80,ICMP,1086,2627,16,27,normal
42.224.223.122,83.139.87.181,42782,53,TCP,931,2738,10,10,normal
36.18.216.66,44.146.202.186,3321,443,UDP,840,2378,5,1,normal
44.38.40.191,81.196.53.131,29389,80,UDP,1349,1221,2,18,normal
104.74.50.39,223.236.15.234,48236,443,UDP,824,623,4,13,normal
11.209.193.37,80.210.79.81,34868,13196,TCP,1113,1336,19,25,normal
55.135.70.164,150.106.14.49,5637,46648,ICMP,827,2921,15,18,normal
117.94.215.210,151.105.174.108,21570,3415,UDP,1437,2180,9,15,normal
134.161.188.154,220.35.125.168,5382,80,TCP,1457,828,2,3,normal
68.16.201.244,103.163.70.237,53615,53,ICMP,471,2649,20,11,normal
34.47.36.3,38.102.162.110,9672,80,TCP,808,1711,9,26,r2l
119.181.140.59,180.165.103.149,54958,443,ICMP,1176,1139,5,17,normal
74.66.242.84,119.70.76.229,44433,13342,ICMP,328,592,12,10,dos
138.135.234.126,9.198.159.101,65254,21,TCP,445,2981,15,4,r2l
205.58.33.140,109.48.154.192,14842,443,TCP,1258,2568,6,2,normal
164.230.132.236,63.242.49.44,43844,10784,UDP,607,134,4,24,normal
98.80.242.154,144.179.40.103,19144,53,TCP,1240,2386,9,20,normal
77.91.148.244,75.220.240.101,63885,21,UDP,1091,1380,9,13,normal
149.8.160.11,110.111.1.60,24335,443,UDP,912,2822,6,28,normal
200.102.236.247,185.180.226.16,10166,443,UDP,313,1429,3,15,probe
175.39.155.88,103.249.69.217,36980,80,ICMP,1480,348,16,18,normal
178.70.146.51,72.107.63.123,33524,80,UDP,259,1931,16,28,normal
82.247.146.2,1.241.225.25,38130,80,UDP,209,2678,2,12,normal
141.237.169.79,23.86.142.0,49859,443,TCP,454,148,19,23,normal
89.184.102.176,133.171.174.251,58576,22,TCP,182,897,1,28,normal
122.218.191.232,169.156.98.87,32527,443,UDP,640,678,6,5,dos
105.16.49.48,95.175.172.49,28877,53,ICMP,1238,2180,17,24,normal
142.236.41.164,146.210.160.103,57236,80,UDP,866,1599,15,20,normal
130.52.207.99,175.114.119.53,40167,64475,ICMP,1471,1367,14,10,normal
24.103.206.214,5.97.67.236,50877,443,TCP,370,2709,6,17,normal
190.214.20.254,89.85.22.21,49968,22,ICMP,1377,2262,18,19,normal
155.251.4.186,169.93.163.166,56544,21,TCP,1440,2733,8,3,normal
95.74.37.37,139.129.5.47,24738,21,UDP,1004,2803,4,21,probe
46.177.147.30,36.139.35.240,52494,21,ICMP,791,1085,20,5,normal
16.20.8.199,20.232.81.189,39986,49680,TCP,604,2479,8,8,normal
14.87.89.163,129.251.122.246,45245,53,UDP,616,1639,3,22,u2r
198.26.114.213,151.32.199.222,35677,80,UDP,195,2072,17,2,normal
217.62.129.112,33.52.155.141,36228,32404,UDP,1108,1638,10,30,normal
154.101.27.174,151.25.169.126,15030,22,UDP,951,1782,3,27,normal
26.77.207.242,190.71.3.28,2672,53,TCP,579,2859,14,27,normal
173.66.222.195,132.96.252.45,36611,53,TCP,745,2265,2,18,dos
84.83.228.78,200.183.232.42,39537,22,TCP,106,1948,9,11,normal
25.56.29.85,9.90.128.91,50811,22,TCP,605,727,9,17,probe
132.199.33.96,193.198.209.10,14214,80,TCP,657,268,13,29,normal
20.194.91.25,29.87.117.6,5628,21,ICMP,202,634,4,25,r2l
128.83.78.163,31.228.136.74,56344,53,UDP,693,2622,11,27,u2r
10.180.230.64,132.102.193.156,7370,21,TCP,546,1311,8,12,normal
158.152.176.54,5.136.20.255,31218,80,UDP,538,2953,11,5,normal
25.10.114.130,101.112.215.115,51232,443,ICMP,591,2187,16,10,dos
138.48.11.67,37.159.97.62,10464,21,UDP,1064,730,4,12,u2r
184.237.36.148,30.213.151.146,56734,80,ICMP,601,2362,20,10,normal
36.20.253.10,148.70.226.212,30497,443,TCP,1093,2801,7,27,normal
195.131.247.251,63.12.157.203,7795,22,TCP,1084,2850,8,10,u2r
179.46.197.255,85.143.21.164,49825,53,TCP,1444,1910,14,26,probe
14.223.75.161,18.46.47.102,53216,80,TCP,170,1464,7,10,normal
208.73.199.138,160.149.253.237,50385,53,ICMP,1324,2110,15,25,normal
24.54.168.151,217.116.22.78,65172,22,ICMP,209,955,7,19,normal
3.214.161.212,11.120.156.149,62819,12959,ICMP,256,2322,15,21,normal
200.237.99.148,87.58.233.45,39039,60867,ICMP,1305,854,15,19,normal
162.170.115.150,134.90.235.255,18247,21,TCP,1159,787,10,24,normal
28.100.81.201,23.75.91.8,40390,21,UDP,1408,2477,9,22,dos
59.97.125.57,5.248.108.83,10050,443,TCP,1111,115,1,26,normal
168.157.5.219,200.130.179.251,61352,21,ICMP,1113,521,1,11,normal
47.57.88.165,90.243.203.247,3278,80,UDP,425,2642,13,10,probe
123.133.72.103,181.25.202.181,39731,80,TCP,1025,2407,13,9,normal
99.249.12.210,70.200.235.87,13646,21,ICMP,923,2854,18,24,normal
40.31.180.65,125.155.134.184,21295,21,ICMP,178,2387,1,7,normal
100.171.169.229,200.45.69.109,1852,22,UDP,391,566,11,5,u2r
130.217.69.175,40.224.59.243,22294,443,UDP,543,213,10,14,dos
120.12.192.236,1.47.237.119,37421,22,UDP,1306,610,1,1,normal
55.180.64.161,112.117.142.116,23102,49558,TCP,1227,1070,19,15,normal
191.249.184.105,88.54.32.61,15176,60165,UDP,1044,1175,3,11,normal
87.129.241.158,14.91.86.190,9956,22,TCP,479,1953,5,9,u2r
174.43.39.248,18.217.126.110,39563,21,TCP,644,1970,3,7,dos
133.62.164.240,168.41.148.73,29211,22,ICMP,1493,723,6,2,dos
49.133.80.245,200.90.36.243,11662,53,TCP,1117,764,10,8,normal
175.243.241.81,36.49.233.48,30154,80,ICMP,795,1231,2,14,u2r
172.21.207.16,56.49.255.11,54196,443,ICMP,711,684,4,22,normal
201.49.236.29,68.239.207.198,28488,80,UDP,1103,462,9,15,u2r
82.156.56.187,75.54.231.151,18574,22,UDP,931,935,4,13,probe
91.244.171.97,51.126.120.164,26212,21,UDP,753,2844,9,28,normal
102.109.232.29,50.103.18.51,21643,20981,UDP,205,1482,1,29,normal
141.29.196.46,202.165.107.221,28413,21,UDP,1409,1532,8,21,dos
96.132.149.204,3.74.83.15,35707,53,UDP,1231,2147,15,8,normal
110.204.157.255,205.130.57.37,10417,443,ICMP,818,1964,18,3,r2l
150.97.187.193,125.245.79.199,51437,22,TCP,925,2592,20,6,normal
197.237.193.72,156.100.92.40,51036,64787,TCP,624,2533,12,8,normal
131.37.75.179,75.65.141.211,1827,443,TCP,838,2003,18,8,normal
28.96.110.174,31.138.47.153,8345,443,UDP,444,939,2,15,normal
104.53.16.35,41.97.2.29,11038,80,UDP,1500,2886,15,11,normal
202.33.16.154,65.134.47.107,39887,22,TCP,278,866,20,10,normal
104.32.15.255,18.60.80.38,28473,443,TCP,979,1807,14,11,normal
81.50.8.230,149.66.142.165,61643,443,ICMP,162,2205,3,19,normal
100.255.210.218,74.193.93.52,36486,80,UDP,1359,1133,11,19,normal
189.182.38.160,27.210.208.179,25519,53,ICMP,771,1448,15,2,normal
76.72.177.24,105.97.205.61,32710,21,UDP,72,2698,7,29,normal
213.69.198.127,54.87.119.142,20648,22,UDP,204,2813,15,3,normal
144.143.203.100,130.192.194.91,32589,21,TCP,1439,2829,12,29,normal
2.182.5.88,10.159.185.216,50381,22,ICMP,872,1253,1,27,dos
160.155.228.22,36.56.100.15,5132,22,UDP,630,1050,20,18,u2r
130.223.203.101,125.123.26.85,24149,53,UDP,962,1475,11,29,normal
98.19.95.62,51.117.232.197,21709,56676,TCP,1239,623,3,23,dos
54.88.79.160,162.160.134.198,34603,38180,TCP,558,607,8,1,normal
141.158.15.149,75.64.104.232,13474,53234,TCP,1468,1233,12,11,dos
62.63.238.42,188.186.119.154,22084,53,UDP,933,2650,5,10,probe
21.232.237.160,197.160.201.220,43971,443,TCP,70,1821,17,14,normal
215.13.9.27,133.201.169.231,11967,443,ICMP,221,1234,19,1,u2r
94.255.21.80,98.64.228.71,54480,443,ICMP,305,1490,9,3,normal
152.222.49.138,106.141.157.58,22280,22,UDP,1332,2905,19,16,normal
43.163.83.21,179.251.71.248,26813,443,UDP,873,1165,20,4,normal
72.170.41.31,168.242.228.123,1058,22,ICMP,939,209,19,11,dos
80.235.124.237,72.145.252.81,30863,443,UDP,898,1109,10,28,normal
1.144.235.133,101.74.208.0,21254,21,UDP,233,329,20,14,normal
179.85.23.32,116.250.24.210,58873,44878,UDP,85,1549,10,28,dos
137.155.56.150,67.101.57.31,13647,80,TCP,914,1181,8,25,normal
169.176.215.0,160.87.214.127,15905,22,UDP,1003,752,10,2,normal
41.231.110.179,176.47.164.198,15078,22,ICMP,371,1053,6,24,normal
179.29.48.4,21.143.32.107,2141,21,ICMP,1082,2076,13,5,r2l
139.91.10.115,151.192.229.45,48067,443,TCP,87,1454,1,27,normal
119.32.149.20,59.125.123.206,7841,22,UDP,357,2305,12,3,normal
150.246.115.161,25.16.57.60,39139,53,ICMP,355,1181,20,25,u2r
59.175.85.7,122.205.208.230,64982,12722,UDP,1098,1047,1,23,dos
175.29.190.0,19.41.71.32,17500,21,TCP,856,1632,17,20,normal
14.201.183.216,56.158.233.158,51156,23318,ICMP,1339,2619,11,13,normal
205.11.136.30,141.114.90.6,51593,21,TCP,1217,1328,7,28,normal
130.70.71.12,174.20.173.204,33190,22,TCP,1371,1265,19,22,r2l
12.46.26.118,222.215.85.205,49264,9014,TCP,850,476,18,10,normal
59.206.202.48,33.93.197.22,43563,22,ICMP,1485,1261,11,1,normal
185.199.207.196,113.238.16.107,32019,22,TCP,70,2331,10,1,normal
69.20.65.72,8.8.71.191,39242,64293,UDP,1399,1820,4,6,normal
124.15.122.152,186.211.249.228,43576,80,ICMP,90,1952,4,20,dos
107.165.219.2,67.77.59.31,5745,21,ICMP,256,1275,19,7,normal
215.109.150.128,148.15.151.237,51476,22,ICMP,1085,2535,12,27,normal
189.41.143.163,157.205.247.199,7056,22,UDP,77,1696,13,4,normal
148.61.146.9,219.220.71.202,39467,22,UDP,134,2995,13,24,probe
167.117.195.7,161.86.154.33,30074,53,ICMP,112,2305,2,21,normal
37.32.235.14,143.195.192.83,2389,21,UDP,1310,2445,2,23,normal
77.19.55.9,46.4.88.215,47754,443,UDP,1294,2682,9,1,u2r
14.135.140.54,162.205.139.141,12273,21,TCP,113,2769,6,21,normal
204.197.190.135,175.21.28.26,50967,443,UDP,1103,976,3,16,normal
40.61.206.45,116.53.228.4,2256,443,UDP,408,1957,19,25,normal
100.222.219.23,191.215.195.167,26579,443,UDP,583,259,6,21,normal
168.1.37.9,53.22.12.155,52309,14334,UDP,1487,1860,14,1,normal
210.32.102.234,167.105.220.27,53231,21,TCP,1484,106,2,19,normal
168.60.28.5,93.54.113.161,64276,443,TCP,1367,1301,20,21,u2r
123.87.100.79,93.12.93.175,48590,21,ICMP,341,1342,4,14,normal
67.251.141.51,150.44.180.1,13979,22,UDP,1013,1025,7,6,normal
71.13.127.50,139.242.96.110,37553,53,UDP,1100,1350,10,28,u2r
162.33.238.102,43.10.223.35,28168,80,ICMP,1205,370,7,2,normal
29.204.249.167,43.77.102.109,52785,80,ICMP,328,1745,7,3,normal
111.56.194.26,173.66.206.100,22187,21,ICMP,1301,2272,20,17,probe
122.68.31.41,190.101.205.173,23131,22,ICMP,1315,1833,8,22,dos
109.87.253.57,94.83.30.41,26450,22,UDP,908,1322,3,16,normal
39.252.51.23,119.94.42.77,11167,53,TCP,355,276,1,11,dos
29.53.195.82,89.76.188.97,58711,80,UDP,1271,873,20,15,normal
59.6.27.157,195.35.47.125,59842,22,UDP,753,2815,3,15,normal
194.30.134.29,89.129.65.52,29325,80,ICMP,164,576,3,14,normal
171.239.144.68,175.41.143.62,35941,443,UDP,980,1919,9,14,normal
19.55.114.190,42.207.244.101,24589,443,ICMP,1103,229,2,28,dos
22.132.9.195,105.159.222.17,32845,22,UDP,377,734,6,16,normal
103.101.166.227,136.13.33.44,32773,22,UDP,1271,1335,1,12,normal
19.87.161.151,83.151.194.101,56070,22,UDP,401,1433,3,4,probe
199.182.125.48,39.237.175.240,15044,53,ICMP,1051,966,2,28,normal
169.67.234.167,59.10.47.83,25079,21,TCP,340,969,14,7,normal
154.69.112.79,191.79.48.53,4817,53,UDP,66,294,6,6,normal
17.185.104.185,150.242.224.59,63996,22,UDP,531,2254,13,9,normal
17.241.18.239,184.209.137.19,25140,53,ICMP,904,2436,17,11,normal
205.152.206.140,194.174.209.157,12555,22,UDP,735,2555,4,13,normal
191.61.199.194,146.30.67.244,5399,22,UDP,650,694,20,11,r2l
135.107.168.214,116.203.116.121,24307,21,UDP,257,688,12,22,normal
56.215.191.118,181.132.12.217,12689,53,TCP,709,587,19,4,normal
58.23.118.126,76.175.65.29,32223,22,TCP,631,2003,14,27,normal
133.212.86.181,121.154.123.254,61463,28007,UDP,1251,1248,6,4,normal
169.250.254.161,191.71.153.125,1779,53,TCP,621,2515,13,22,normal
143.204.221.9,3.65.101.232,59626,22,TCP,489,2670,15,20,probe
137.178.128.50,125.145.172.183,24235,21,TCP,1164,2201,9,28,normal
65.202.102.240,59.183.152.119,10545,28027,TCP,904,2725,19,19,probe
170.166.47.61,13.146.94.72,38313,80,ICMP,89,2097,5,4,normal
132.13.210.42,36.114.98.93,32069,443,UDP,157,2939,2,1,normal
62.107.201.221,2.111.44.89,14526,22,TCP,1028,1911,20,28,probe
115.137.104.66,118.101.65.92,10311,6930,ICMP,389,2085,20,8,normal
122.144.160.216,19.125.233.175,30694,443,TCP,832,1482,13,29,dos
106.201.25.200,211.158.13.140,48646,80,TCP,1142,1612,3,25,normal
212.192.65.156,101.71.44.140,22556,53,ICMP,776,1570,14,16,normal
85.45.139.118,76.63.162.113,57037,30719,UDP,1219,939,15,21,normal
38.231.184.111,108.214.177.43,40317,53,TCP,86,70,15,9,normal
26.38.216.251,218.206.69.11,51357,53,TCP,234,2632,1,18,normal
124.33.196.47,22.242.96.149,61340,53,UDP,149,2117,19,22,normal
32.73.89.245,98.203.1.204,20715,21,ICMP,157,1342,15,21,normal
177.213.147.212,95.213.216.75,24949,80,ICMP,1422,2343,8,3,normal
63.169.240.25,69.170.75.121,46280,80,ICMP,838,2063,1,7,normal
10.178.130.218,126.230.22.235,9511,22,UDP,997,746,14,22,probe
117.59.89.91,161.155.165.47,13101,80,UDP,1285,2903,2,16,normal
75.213.14.194,61.141.220.230,63663,54734,TCP,664,1510,8,26,dos
58.5.29.215,73.113.58.222,5146,53,ICMP,67,88,15,25,normal
116.186.188.134,1.130.59.197,30923,54814,ICMP,1395,1584,1,11,r2l
195.10.171.241,207.81.107.135,61643,53,ICMP,1101,1378,5,26,normal
24.24.49.46,47.75.36.7,20412,53,ICMP,1472,176,13,18,r2l
15.31.98.45,128.34.111.92,9549,22,UDP,1144,2255,12,15,normal
178.170.247.236,206.253.5.109,35355,443,ICMP,1117,2379,2,7,normal
9.68.215.234,156.150.53.232,56978,80,ICMP,442,2801,14,2,normal
120.50.72.96,37.35.213.215,20900,443,TCP,303,1127,13,25,u2r
124.174.112.125,46.215.29.50,49481,22,TCP,612,215,17,3,normal
219.86.42.12,111.96.181.47,33370,28260,ICMP,599,701,3,10,normal
221.122.190.41,144.151.193.226,19657,21,ICMP,1314,1038,11,14,dos
30.45.41.154,154.204.232.140,38506,22,UDP,1433,329,1,21,normal
155.219.21.154,35.30.226.52,58764,35745,TCP,513,2978,11,15,normal
199.74.179.237,123.109.109.86,30255,80,ICMP,1404,2660,11,5,normal
125.151.161.248,86.183.205.216,9996,22,TCP,619,2075,19,29,probe
144.15.235.16,15.16.7.136,62612,53,UDP,918,2566,16,19,dos
162.216.243.224,16.97.148.82,13548,21,ICMP,208,2804,13,17,normal
95.101.156.43,144.41.248.163,17000,21,TCP,1389,233,1,22,normal
184.75.21.183,147.169.21.45,60584,21,ICMP,447,623,19,12,normal
170.184.17.147,146.245.61.130,57028,53,ICMP,816,1413,6,3,normal
9.57.43.98,5.104.123.187,43838,443,TCP,205,2588,7,5,normal
143.237.49.247,45.155.240.122,62706,21,ICMP,251,2331,13,30,probe
75.82.183.23,123.186.5.221,23699,53313,ICMP,1221,1732,15,3,normal
189.32.79.129,98.174.151.12,58441,443,TCP,944,1550,1,26,normal
24.189.138.91,125.255.193.139,6363,21,UDP,861,2804,13,27,probe
96.218.129.174,190.89.23.56,44017,53,ICMP,1283,1393,3,17,normal
199.101.60.2,27.248.217.233,39527,22,TCP,1051,2401,5,9,normal
113.3.140.63,88.148.231.191,30111,21,UDP,639,374,1,22,normal
207.205.93.164,48.212.175.147,41759,443,ICMP,1076,2168,9,12,normal
37.69.131.117,223.211.177.212,4213,443,TCP,248,2255,6,4,normal
167.11.151.87,148.228.224.146,20597,443,TCP,498,2784,9,11,normal
85.148.192.186,168.153.175.13,59636,53,TCP,813,569,12,17,normal
163.42.205.86,79.5.208.198,2090,22,TCP,749,1486,20,11,probe
20.248.78.195,4.219.176.221,39164,60345,UDP,934,1407,13,11,u2r
186.219.188.67,141.105.172.97,48388,21,ICMP,295,181,3,18,dos
27.154.156.249,140.68.239.35,27006,53,ICMP,1121,613,18,23,normal
124.247.79.98,1.217.129.16,32504,443,ICMP,559,970,3,28,normal
53.223.30.243,7.93.80.170,60740,21,UDP,708,120,10,29,normal
26.29.180.161,114.110.255.216,14057,21,TCP,96,2895,7,24,normal
16.188.190.109,183.12.18.158,21147,80,UDP,882,2404,13,25,normal
132.125.251.145,77.95.159.211,18865,28690,TCP,1165,234,16,2,normal
169.244.180.211,200.18.24.194,54563,22,ICMP,1497,1197,19,14,probe
18.221.153.95,197.105.33.222,15628,443,UDP,195,1189,18,8,u2r
25.6.152.238,173.172.233.64,34031,80,ICMP,774,2227,4,9,u2r
125.246.162.101,56.187.6.227,2052,443,UDP,1452,97,12,2,normal
31.110.173.1,30.200.90.185,47033,36364,ICMP,503,2656,19,26,r2l
111.82.200.183,45.227.53.12,44698,22,ICMP,1445,1522,7,26,normal
34.234.0.239,45.64.115.70,6076,80,UDP,760,2272,1,21,normal
80.104.27.84,35.46.39.244,19147,80,TCP,787,1864,8,9,normal
56.237.193.85,138.30.165.105,25643,443,UDP,1223,870,7,26,normal
60.140.224.56,182.136.184.98,49601,443,ICMP,1247,884,2,5,normal
143.115.248.180,12.160.105.113,24985,53,UDP,1260,1612,18,28,dos
196.239.37.95,74.5.87.3,10126,2348,UDP,726,610,6,24,normal
200.88.121.212,87.91.118.215,53693,443,TCP,127,572,17,10,normal
190.74.140.248,223.114.54.30,7451,443,ICMP,1243,2153,18,26,normal
11.37.99.129,129.117.20.214,52564,52776,ICMP,76,1753,6,11,normal
178.178.8.96,213.100.194.199,6642,53830,ICMP,538,1801,11,29,normal
107.36.122.237,202.15.69.134,33729,80,ICMP,646,2435,16,5,dos
32.133.142.94,74.224.198.221,64758,53,ICMP,889,2669,1,8,normal
5.253.123.234,187.9.23.26,6755,443,ICMP,752,1861,18,19,normal
64.36.215.18,19.132.31.156,20335,53,UDP,1256,1217,5,12,normal
168.127.193.90,203.31.254.150,24620,53,ICMP,186,506,18,11,normal
97.221.0.18,62.220.107.52,16381,443,UDP,374,1124,13,22,normal
208.35.9.169,33.101.253.120,46436,22,UDP,1177,700,15,11,normal
19.126.148.171,160.168.17.48,35800,53,TCP,1015,1054,14,22,r2l
184.149.53.46,28.243.38.240,20815,443,UDP,1374,2740,9,25,normal
61.186.42.44,143.214.101.224,61419,80,ICMP,805,965,19,30,normal
