{
  "run_id": "mlp_4_layer_1756308808",
  "status": "success",
  "total_time": 179.9680941104889,
  "config": {
    "sample_size": 10000,
    "data_path": "data",
    "model_type": "mlp_4_layer",
    "hyperparameters": {
      "epochs": [
        30
      ],
      "batch_size": [
        64
      ],
      "learning_rate": [
        0.001
      ],
      "activation": [
        "relu"
      ],
      "lstm_units": [
        64
      ],
      "gru_units": [
        64
      ]
    }
  },
  "training_time": 179.9123237133026,
  "best_accuracy": 0.873355507850647,
  "model_path": "models/best_model.keras",
  "training_log": [
    {
      "params": {
        "epochs": [
          30
        ],
        "batch_size": [
          64
        ],
        "learning_rate": [
          0.001
        ],
        "activation": [
          "relu"
        ],
        "lstm_units": [
          64
        ],
        "gru_units": [
          64
        ]
      },
      "accuracy": 0.873355507850647
    }
  ],
  "evaluation": {
    "status": "error",
    "error": "Exception encountered when calling Sequential.call().\n\n\u001b[1mInvalid input shape for input Tensor(\"data:0\", shape=(32, 10, 29), dtype=float32). Expected shape (None, 290), but input has incompatible shape (32, 10, 29)\u001b[0m\n\nArguments received by Sequential.call():\n  \u2022 inputs=tf.Tensor(shape=(32, 10, 29), dtype=float32)\n  \u2022 training=False\n  \u2022 mask=None\n  \u2022 kwargs=<class 'inspect._empty'>"
  },
  "test_type": "single_default"
}